date,ticker,period,categories,impact,headline,summary,metrics,first_source,url
2022-01-10,LTR,,expansion_ramp,neutral,"Liontown orders SAG mill for Kathleen Valley, first long-lead item","Liontown awarded Metso-Outotec an approximately A$10m contract for the SAG mill, the first long-lead item for the A$473m Kathleen Valley project; first concentrate still targeted for 2024.",contract_value=10 A$ million; project_capex_estimate=473 A$ million,MT Newswires - Asia Pacific,https://app.bigdata.com/documents/D03393F46023079DC38A79A057233FFC?cnum=1
2022-01-12,LTR,,offtake,positive,Liontown signs binding offtake term sheet with LG Energy Solution,"First foundational offtake: LG Energy Solution to buy 100,000 dmt of spodumene concentrate in year one, rising to 150,000 dmt a year, from Kathleen Valley starting 2024; shares rose about 13%.",offtake_volume_year1=100000 dmt spodumene concentrate; offtake_volume_subsequent=150000 dmt per year SC6.0,US News & World Report,https://app.bigdata.com/documents/031C1279975D441EDD64594FFF49E4BF?cnum=1
2022-01-25,LAR,,m_and_a,positive,"Lithium Americas closes Millennial Lithium acquisition, adding Pastos Grandes brine project","Lithium Americas completed its purchase of Millennial Lithium (Pastos Grandes, Salta, ~100 km from Cauchari-Olaroz). Pastos Grandes had a 2019 feasibility study at 24,000 tpa lithium carbonate; MT Newswires put the deal at C$400 million.",acquisition consideration=400 C$ million; Pastos Grandes 2019 feasibility capacity=24000 tpa lithium carbonate,Benzinga,https://app.bigdata.com/documents/C091273E1D7F2BC9EB9DD28BBFB9571C
2022-01-30,PLS,Dec-2021 quarter,production;sales_shipments;realised_price;guidance,mixed,Dec-2021 quarter output misses cut guidance; higher March-quarter price guide,"Output of 83,476 dmt fell short of the 85-95kt range after plant outages; shipments 78,679 dmt; realised ~US$1,750-1,800/dmt (SC6 CIF). March-quarter contract price guided at US$2,600-3,000/dmt; FY22 volume guidance put under review.",production=83476 dmt spodumene concentrate (Dec-2021 quarter); shipments=78679 dmt spodumene concentrate (Dec-2021 quarter); realised_price_low=1750 US$/dmt CIF China SC6.0 (Dec-2021 quarter); realised_price_high=1800 US$/dmt CIF China SC6.0 (Dec-2021 quarter); price_guidance_low=2600 US$/dmt CIF China SC6.0 (Mar-2022 quarter); price_guidance_high=3000 US$/dmt CIF China SC6.0 (Mar-2022 quarter); production_guidance_under_review_low=400000 dmt (FY2022); production_guidance_under_review_high=450000 dmt (FY2022),Motley Fool,https://app.bigdata.com/documents/D723633AFA203F82DE606552F5F87D42
2022-01-31,LTR,Dec-2021 quarter,expansion_ramp,neutral,"December-quarter report recaps DFS, native title deal and A$450m placement","Quarterly report covering completion of the Kathleen Valley DFS (2.5Mtpa expanding to 4Mtpa in year six), a downstream hydroxide scoping study, the Tjiwarl native title agreement and a A$450m institutional placement.",dfs_initial_throughput=2.5 Mtpa; dfs_expanded_throughput=4 Mtpa,Model ML - Regulatory Filings,https://app.bigdata.com/documents/0A52300BCBE9878644879D622CE367AB?cnum=17
2022-02-16,LTR,,offtake,positive,Liontown signs binding offtake term sheet with Tesla,"Tesla term sheet: 100,000 dmt in year one then 150,000 dmt a year over a 5-year term from 2024, priced off lithium hydroxide; conditional on commercial production by 2025. Over half of first-five-year output now contracted; shares jumped 16%.",offtake_volume_year1=100000 dmt spodumene concentrate; offtake_volume_subsequent=150000 dmt per year; project_capex_estimate=473 A$ million,Model ML - Regulatory Filings,https://app.bigdata.com/documents/00F4103DF0093606481F61E1A263F4EB?cnum=4
2022-02-22,PLS,Dec-2021 half-year,earnings;sales_shipments;production,positive,Maiden half-year profit as revenue jumps nearly fourfold,"H1 FY22 revenue rose 394% to a record A$291.7M; statutory NPAT A$114.0M (underlying A$84.2M); EBITDA A$151.1M; shipments 170,228 dmt, production 169,235 dmt; cash A$191.2M.",revenue=291.7 A$M (Dec-2021 half-year); net_profit_after_tax=114.0 A$M (Dec-2021 half-year); underlying_npat=84.2 A$M (Dec-2021 half-year); ebitda=151.1 A$M (Dec-2021 half-year); shipments=170228 dmt spodumene concentrate (Dec-2021 half-year); production=169235 dmt spodumene concentrate (Dec-2021 half-year); cash_balance=191.2 A$M (Dec-2021 half-year),Motley Fool,https://app.bigdata.com/documents/71C5A4814ADE39CAA6956AF9BFB7295E
2022-02-22,PLS,,governance,negative,CEO Ken Brinsden to step down by end of 2022,"Alongside half-year results, the company said managing director Ken Brinsden will leave by end-2022 after about seven years; an executive search for a successor began.",,Motley Fool,https://app.bigdata.com/documents/71C5A4814ADE39CAA6956AF9BFB7295E
2022-02-28,CXO,,m_and_a,positive,Core Lithium completes purchase of six mineral leases next to Finniss,"Core completed the acquisition of six prospective mineral leases adjoining its Finniss Lithium Project near Darwin, adding ground around the planned mine.",,Benzinga,https://app.bigdata.com/documents/799505D8CA368D183B08ABFF2B104B37
2022-02-28,LAR,,governance;expansion_ramp,neutral,Lithium Americas begins exploring separation of US and Argentine businesses,"Alongside a draft DOE loan application for Thacker Pass, the company said it is exploring spinning the US business into a standalone company; Cauchari-Olaroz construction was expected to finish in 2022. No final decision made.",,Benzinga,https://app.bigdata.com/documents/0289B905965E162EB4A219941156357A
2022-03-02,CXO,,offtake,positive,Binding term sheet with Tesla for up to 110kt spodumene concentrate,"Core signed a binding term sheet with Tesla to supply up to 110,000 dmt of spodumene concentrate from Finniss over four years at market-linked prices with a floor and ceiling, subject to a definitive agreement; shares jumped on the news.",offtake_volume=110000 dmt spodumene concentrate (4-year term),Motley Fool,https://app.bigdata.com/documents/2FF300AFEC1EA58800A5B3F2DAA434A0
2022-03-07,SGML,,guidance;expansion_ramp,positive,Sigma lifts initial concentrate output plan and eyes second-stage expansion,"Sigma now expects 240,000 t/yr of lithium concentrate from Q4 at Grota do Cirilo, 9% above the original plan; a feasibility study for a roughly $80 million second stage aims at 460,000 t capacity by end-2023.",planned concentrate output=240000 t/yr lithium concentrate; phase 2 capex estimate=80 US$ million; target capacity after phase 2=460000 t/yr lithium concentrate,Bloomberg News,https://app.bigdata.com/documents/FDEAEC31BABF0544E85ADD6C082AC620
2022-03-17,LAR,FY-2021 / Dec-2021 quarter,earnings;expansion_ramp;guidance,negative,"FY2021 results: Cauchari-Olaroz capex raised 16%, commissioning pushed to H2 2022","Cauchari-Olaroz about 85% complete after Omicron disruption; commissioning targeted H2 2022. Capex estimate raised to $741M from $641M; $565M (76%) spent by end-2021. Stage 2 expansion of at least 20,000 tpa LCE advancing. FY2021 EPS -$0.32 vs -$0.51 consensus.",Cauchari-Olaroz capex estimate=741 US$ million (100% basis) (Stage 1); prior capex estimate=641 US$ million (Stage 1); capex spent=565 US$ million (to Dec-2021); construction completion=85 % (Mar-2022); Stage 2 expansion capacity=20000 tpa LCE (at least); EPS=-0.32 US$/share (FY-2021),Benzinga,https://app.bigdata.com/documents/36C911D93021A959D06D3DF4222BDBA5
2022-04-04,SGML,FY2021,earnings;expansion_ramp,positive,"FY2021 results: C$155.4M cash, Phase 1 fully equity-funded","Sigma ended 2021 with C$155.4M cash; two equity financings raised gross C$178.7M, fully funding Phase 1 plant and mine. Plant foundation earthworks completed; civil works starting April 2022. Phase 2 could add 220,000 tpa (6% concentrate).","cash and equivalents=155.4 C$ million (31-Dec-2021); equity raised (gross, two financings)=178.7 C$ million (FY2021); phase 2 potential additional production=220000 tpa 6% Li2O concentrate",Benzinga,https://app.bigdata.com/documents/4CEE74AC856EE307A32E5F20ADD61272
2022-04-12,PLS,Mar-2022 quarter,production;guidance,neutral,"March-quarter production of 81,431 dmt within guidance despite COVID labour hit","Operational update: Pilgangoora produced 81,431 dmt of spodumene concentrate in the March quarter, inside the 75,000-90,000 dmt guidance, with COVID-19 community spread cutting staff and contractor availability. Shares fell about 5%.",production=81431 dmt spodumene concentrate (Mar-2022 quarter); production_guidance_low=75000 dmt (Mar-2022 quarter); production_guidance_high=90000 dmt (Mar-2022 quarter),Motley Fool,https://app.bigdata.com/documents/8C934FB012668E568D1B79E8AD0AB168
2022-04-28,LTR,Mar-2022 quarter,offtake,neutral,March-quarter report: LGES term-sheet deadline extended to end-April,"Quarterly report notes the LG Energy Solution term sheet termination date was pushed to 30 April 2022 to finish full-form negotiations, alongside the Tesla term sheet; offtake targets large foundation deals plus spot capacity.",,Model ML - Regulatory Filings,https://app.bigdata.com/documents/DE575F6F30CEE21F751CB33A1D6407C5?cnum=7
2022-04-28,PLS,Mar-2022 quarter,sales_shipments;realised_price;unit_costs,mixed,"March-quarter shipments fall but average price rises to US$2,650/dmt","Quarterly report: shipments 58,383 dmt (down ~26%) at an average US$2,650/dmt; cash A$284.9M. Management said unit costs exceeded guidance on lower output, fuel and higher royalties.",shipments=58383 dmt spodumene concentrate (Mar-2022 quarter); realised_price=2650 US$/dmt CIF China SC6.0 (Mar-2022 quarter); cash_balance=284.9 A$M (Mar-2022 quarter),Motley Fool,https://app.bigdata.com/documents/2C47E5F9A80A1E99A28C5B5B8C9A16E2
2022-05-02,LTR,,offtake,positive,Definitive full-form offtake agreement executed with LG Energy Solution,"Liontown executed the full-form LGES agreement for up to 150,000 dmt a year of SC6.0 concentrate, initial 5-year term from 2024, extendable by five years by mutual agreement.",offtake_volume=150000 dmt per year SC6.0,Model ML - Regulatory Filings,https://app.bigdata.com/documents/EB396AE7FD765FD459CBC9D7751E20FB?cnum=6
2022-05-05,LAR,Mar-2022 quarter,earnings;expansion_ramp,neutral,Q1 2022 loss widens on convertible-note revaluation; Cauchari commissioning still H2,"Q1 2022 net loss of US$0.35/share vs US$0.09 a year earlier and US$0.10 consensus, driven by a US$50.3M convertible-note derivative loss; expenses US$16.0M. Cauchari-Olaroz commissioning still targeted for the second half.",EPS=-0.35 US$/share (Mar-2022 quarter); convertible notes derivative loss=50.3 US$ million (Mar-2022 quarter); expenses=16.0 US$ million (Mar-2022 quarter),Benzinga,https://app.bigdata.com/documents/0ACC0A954E1EDD28A17AE8F6E2367BCB
2022-05-17,CXO,,expansion_ramp,positive,BP33 underground environmental approval and crushing contract to CSI,"Development update: environmental approval granted for the BP33 underground mine, crushing contract awarded to CSI Mining Services, and DMS plant earthworks nearly complete with part of the site handed to Primero; first concentrate still targeted Q4 2022.",,Motley Fool,https://app.bigdata.com/documents/E8944408CE69C6FA0BAAF9FE37A6031E
2022-05-26,SGML,,expansion_ramp;unit_costs,positive,Combined Phase 1+2 study values Grota do Cirilo at $5.1 billion,"Updated technical report: combined run-rate 531,000 tpa (72,200 tpa LCE), 13-year life, average cash cost US$454/t CIF China, NPV $5.1B. Remaining Phase 1 capex US$111M fully funded; Phase 2 capex estimated US$76M.",combined run-rate production (study)=531000 tpa lithium concentrate; average cash cost (study)=454 US$/t CIF China; NPV=5.1 US$ billion; remaining phase 1 capex=111 US$ million; phase 2 capex=76 US$ million,Bloomberg News,https://app.bigdata.com/documents/172CF85DC3E5183D65FB10CD84E31FFB
2022-06-06,LTR,,offtake,positive,Definitive offtake agreement executed with Tesla,"Full-form Tesla offtake signed, supply from 2024, conditional on commercial production by 1 December 2025; with LGES, up to 60% of planned output is contracted and a third deal would take it to about 85%.",share_of_production_contracted=60 % (up to),Model ML - Regulatory Filings,https://app.bigdata.com/documents/B1F57C28A90D8DC261B2D39CEAFA1F8C?cnum=6
2022-06-21,CXO,Jun-2022 quarter,expansion_ramp;guidance,mixed,Finniss update: wet-season delays but first lithium export still targeted by year-end,"Business update said heavier rainfall and a long wet season had raised fuel use and delayed open-pit mining at Grants, but mining had accelerated; DMS construction handed to Primero; first shipment still expected by end-2022, subject to ramp-up and weather.",,Motley Fool,https://app.bigdata.com/documents/3EC869B9C4EF1E1418810D3935040B33
2022-06-22,SGML,,expansion_ramp,positive,Drilling lifts Grota do Cirilo mineral resource about 50% to 85.7 Mt,"Phase 3 drilling raised total estimated resources to 85.7 Mt from 58.9 Mt. Phase 1 commissioning still slated for December 2022, production early 2023 at about 37,000 t LCE/yr; Phase 2 would lift output to roughly 72,000 t LCE in 2024.",total mineral resource=85.7 Mt; phase 1 output rate=37000 t/yr LCE; output after phase 2=72000 t/yr LCE (2024),Bloomberg News,https://app.bigdata.com/documents/45DCAC8C21278B9B16AF02606D0ED56B
2022-06-29,LTR,,offtake;financing_debt;expansion_ramp;guidance,positive,"Ford offtake and A$300m Ford debt facility; FID taken, capex lifted to A$545m","Ford agreed a 5-year offtake (75kt, 125kt, then 150kt dmt a year) and a A$300m debt facility; board made FID on Kathleen Valley. Capex estimate rose to A$545m from A$473m plus A$93m working capital; ~90% of ~500ktpa start-up capacity contracted.",offtake_volume=150000 dmt per year spodumene concentrate (years 3-5); debt_facility=300 A$ million; project_capex_estimate=545 A$ million; previous_capex_estimate=473 A$ million; working_capital_estimate=93 A$ million; contracted_offtake_total=450000 dmt per year spodumene concentrate,Model ML - Regulatory Filings,https://app.bigdata.com/documents/BBCD1074EA29D4CD0A7B234D9CD4891C?cnum=6
2022-07-01,PLS,Jun-2022 quarter,production;realised_price;sales_shipments;m_and_a,positive,"June-quarter output estimate, record BMX pre-auction sale and Calix JV terms","June-quarter production estimated at 123,000-127,000 dmt (up ~54%), toward the top of FY guidance; a BMX pre-auction bid of US$6,350/dmt (5,000 dmt, SC5.5 FOB Port Hedland) was accepted; key terms agreed for a midstream demonstration-plant JV with Calix.",production_estimate_low=123000 dmt (Jun-2022 quarter); production_estimate_high=127000 dmt (Jun-2022 quarter); bmx_sale_price=6350 US$/dmt SC5.5 FOB Port Hedland (Jun-2022 quarter); bmx_sale_volume=5000 dmt (Jun-2022 quarter),Motley Fool,https://app.bigdata.com/documents/DAD703BC09C5A256D6F7362054370462
2022-07-11,PLS,,expansion_ramp,positive,Final investment decision taken on P680 expansion,"Board approved the P680 project in the June 2022 quarter: primary rejection circuit (+100ktpa, A$103M) plus a 5Mtpa company-owned crusher and ore sorting (A$194M), lifting Pilgangoora capacity to 640-680ktpa from the Dec-2023 quarter; total ~A$297.5M.",capex_total=297.5 A$M; capex_primary_rejection=103 A$M; capex_crushing_ore_sorting=194 A$M; capacity_target_low=640000 dmt/yr; capacity_target_high=680000 dmt/yr,Motley Fool,https://app.bigdata.com/documents/53F325335346DC07EA9127F1CB6DCBE8
2022-07-12,CXO,,expansion_ramp,positive,Finniss mineral resource up 28% and ore reserve up 43%,Updated estimates lifted the Finniss Mineral Resource by 28% to 18.9Mt at 1.32% Li2O and the Ore Reserve by 43% to 10.6Mt at 1.3% Li2O; first lithium shipment still on track for end-2022.,mineral_resource=18.9 Mt at 1.32% Li2O; ore_reserve=10.6 Mt at 1.3% Li2O,Motley Fool,https://app.bigdata.com/documents/CB6486355FE00821DB98083245983F71
2022-07-23,LTR,,expansion_ramp,neutral,Lycopodium awarded EPCM contract for Kathleen Valley,"Lycopodium was appointed for engineering, procurement, construction management and commissioning at Kathleen Valley (reported value about $35m); production then expected from Q2 2024.",contract_value=35 A$ million,Environment Monitor Worldwide,https://app.bigdata.com/documents/82E810F7019BF8C7142D34E34646EBED?cnum=2
2022-07-28,LAR,Jun-2022 quarter,earnings;expansion_ramp,mixed,Q2 2022: Cauchari 88% of budget spent; battery-grade purification circuit deferred to 2023,Construction over 90% complete; part of the battery-quality purification circuit deferred to early 2023 to prioritise first production. $653M of $741M budget spent by June 30. $71.5M share of Cauchari FX loss; Q2 EPS -$0.12; cash $440.8M; Pastos Grandes ~$30M development plan approved.,capex spent=653 US$ million (to Jun-2022); capex budget=741 US$ million (Stage 1); share of loss of Cauchari-Olaroz=71.5 US$ million (Jun-2022 quarter); EPS=-0.12 US$/share (Jun-2022 quarter); cash and equivalents=440.8 US$ million (30-Jun-2022); Pastos Grandes development budget=30 US$ million,Benzinga,https://app.bigdata.com/documents/6912B7460C03F7F7F1F3784AFDE4E03D
2022-07-28,LTR,Jun-2022 quarter,expansion_ramp,neutral,"June-quarter report: FID, village contract, 75% of long-lead equipment awarded","Quarterly report confirms FID after the Ford deal; accommodation village awarded to ADD Business Group, 75% by value of long-lead process equipment awarded, and major EPCM, power, freight and open-pit packages progressed.",long_lead_equipment_awarded=75 % by value,Model ML - Regulatory Filings,https://app.bigdata.com/documents/33233CAC467D2BE2820B19CCFEE4AF71?cnum=4
2022-07-28,PLS,Jun-2022 quarter,production;sales_shipments;realised_price,positive,"June-quarter production up 56%, price US$4,267/dmt; FY22 at top of guidance","June-quarter production 127,236 dmt (+56% q/q) incl. first Ngungaju fines concentrate; shipments 132,424 dmt; average price US$4,267/dmt (SC6.02 CIF). FY22 output 377,902 dmt, upper end of 340-380kt guidance; FY22 shipments 361,035 dmt. May BMX sale US$5,955/dmt SC5.5 FOB.",production=127236 dmt spodumene concentrate (Jun-2022 quarter); shipments=132424 dmt spodumene concentrate (Jun-2022 quarter); realised_price=4267 US$/dmt CIF China SC6.02 (Jun-2022 quarter); production=377902 dmt spodumene concentrate (FY2022); shipments=361035 dmt spodumene concentrate (FY2022); bmx_auction_price=5955 US$/dmt SC5.5 FOB Port Hedland (May-2022),Motley Fool,https://app.bigdata.com/documents/6ACFD7ECF04E78E15E74C789EB6F4B0B
2022-08-05,CXO,,governance,positive,Former Rio Tinto executive Gareth Manderson appointed first CEO,"Core named Gareth Manderson, previously a general manager at Rio Tinto, as its first chief executive, following founding managing director Stephen Biggins' resignation announced in March; shares rose about 5-6%.",,Motley Fool,https://app.bigdata.com/documents/AF4FC3D6B4B51528C3ECDD93FE8DB9DC
2022-08-17,SGML,Jun-2022 quarter,earnings;expansion_ramp,neutral,"Q2 2022: C$123.3M cash, commissioning still targeted for December","Sigma reported C$123.3M cash at 30 June 2022, sufficient to bring the project into production; Phase 1 construction on track with commissioning expected to start December 2022. Management team strengthened with new executives.",cash and equivalents=123.3 C$ million (30-Jun-2022),Edgar SEC Filings (6-K MD&A),https://app.bigdata.com/documents/7883A2F74793EFFA976E873A4B57BA8E
2022-08-23,PLS,FY2022,earnings,positive,Maiden full-year profit of A$561.8M on A$1.2B revenue,"FY22 results: revenue A$1.2B, EBITDA A$814.5M, NPAT A$561.8M; year-end cash A$874.2M including A$282.4M letters of credit; average price about US$2,605/dmt for the year.","revenue=1.2 A$B (FY2022); ebitda=814.5 A$M (FY2022); net_profit_after_tax=561.8 A$M (FY2022); cash_balance=874.2 A$M (FY2022); realised_price=2605 US$/dmt (approx., full-year average) (FY2022)",Motley Fool,https://app.bigdata.com/documents/6EE65CB2C209B66A8FF1042BD0D9E526
2022-08-29,CXO,,offtake,neutral,Tesla offtake term sheet deadline extended to 26 October,"Core and Tesla agreed to push the deadline for a definitive offtake agreement from 27 August to 26 October 2022 to finish negotiations on the up-to-110,000t spodumene supply deal.",,Motley Fool,https://app.bigdata.com/documents/C06BB2728DD68CDDC3D015B98303F6CF
2022-09-16,SGML,,expansion_ramp,neutral,"Investor day: construction 47% complete, first production H1 2023","Following Sigma's New York investor day, construction was reported at 47%, commissioning expected by December and initial production in H1 2023; Phase 2 would double output to 72,000 t LCE by 2024; Phase 3 PEA due H2.",construction progress=47 %; output after phase 2=72000 t LCE (2024),MT Newswires,https://app.bigdata.com/documents/BE8E7677F83BF012E4F91C1A5316DE60
2022-09-27,CXO,,sales_shipments;guidance,positive,Preparations for first Finniss DSO shipment via digital tender,"Business update said preparations were under way for the first direct-shipping-ore cargo from Finniss before end-2022, to be sold by tender on a digital exchange platform because of strong interest.",,Motley Fool,https://app.bigdata.com/documents/B216F64FC4D0895190E568DFDB743557
2022-10-02,CXO,,sales_shipments;realised_price,positive,First DSO cargo sold by tender at US$951/dmt,"Core sold its first 15,000 dmt cargo of 1.4% Li2O spodumene DSO from Finniss by digital tender on a CIF basis for US$951/dmt, for shipment from Darwin in late Q4 2022.","sale_volume=15000 dmt spodumene DSO (1.4% Li2O); realised_price=951 US$/dmt CIF, 1.4% Li2O DSO",Motley Fool,https://app.bigdata.com/documents/AC4CAFA4FC35A3830DD58085D28387EF
2022-10-02,CXO,,financing_debt,mixed,A$100 million institutional placement at A$1.03 per share,"Core raised A$100 million through an institutional placement of about 97.1 million shares at A$1.03 to fast-track exploration, capital development and growth at Finniss; the stock fell around 8%.",placement_size=100 A$ million; placement_price=1.03 A$/share; shares_issued=97.1 million shares,Motley Fool,https://app.bigdata.com/documents/AC4CAFA4FC35A3830DD58085D28387EF
2022-10-10,CXO,,expansion_ramp;offtake,positive,Finniss mine officially opened; DMS O&M contract to Primero,"Finniss was officially opened as the Northern Territory's first producing lithium mine, with DSO exports targeted by year-end and about 80% of first four years' output sold to offtakers incl. Ganfeng and Yahua; Primero won the DMS operations contract.",,Motley Fool,https://app.bigdata.com/documents/DE249A29DC9768C2763A4EA57984BBAA
2022-10-24,LAR,,governance,negative,Two contractor fatalities reported at Cauchari-Olaroz camp,"Lithium Americas reported two contractor deaths in separate incidents at the Cauchari-Olaroz camp in Jujuy on 23 October 2022; not believed to be workplace accidents, investigation under way.",,Benzinga,https://app.bigdata.com/documents/331467EBA1E72465604D8EBB3F14B71D
2022-10-24,PLS,Sep-2022 quarter,sales_shipments;realised_price;unit_costs;production,positive,"September-quarter price US$4,266/dmt (SC5.3); cash jumps to A$1.375B","Shipments 138,249 dmt at US$4,266/dmt SC5.3 CIF (US$4,813 on SC6 basis); a BMX auction reached US$7,708/dmt SC6-equivalent. Grade lowered to ~5.3% to lift yield. Unit cost eased to US$434/dmt (June qtr US$462). Cash A$1.375B.","shipments=138249 dmt spodumene concentrate (Sep-2022 quarter); realised_price=4266 US$/dmt CIF China SC5.3 (Sep-2022 quarter); realised_price_sc6_equiv=4813 US$/dmt CIF China SC6.0 (Sep-2022 quarter); bmx_auction_price=7708 US$/dmt CIF China SC6.0 equivalent (Sep-2022 quarter); unit_operating_cost=434 US$/dmt (FOB, as reported) (Sep-2022 quarter); cash_balance=1375 A$M (Sep-2022 quarter)",Motley Fool,https://app.bigdata.com/documents/ECFCDDC45330F64A3B200AF3AE3DFB16
2022-10-27,CXO,,offtake,negative,Tesla offtake term sheet lapses without a definitive agreement,The 26 October deadline passed without a final supply agreement with Tesla; Core said Ganfeng and Yahua contracts still cover about 80% of Finniss concentrate sales in the first four years. Shares fell up to 10% intraday.,,Motley Fool,https://app.bigdata.com/documents/0896F6EB4EBDCF813AF7DA303DA8C362
2022-10-27,LAR,Sep-2022 quarter,earnings;expansion_ramp;guidance,negative,Q3 2022: Cauchari capex estimate rises 15% to $852M; commissioning begins,"Key plant areas began commissioning late Q3. Capex at official FX revised to $852M (100% basis) from $741M, but no material change to Stage 1 funding at market FX; 85% spent. Ramp guidance due around end-2022. Q3 EPS -$0.30; $8.3M share of Cauchari loss.","Cauchari-Olaroz capex estimate=852 US$ million (100% basis, official FX) (Stage 1); budget spent=85 % (to Sep-2022); remaining capex (company share)=63 US$ million (49% share, official FX) (at 30-Sep-2022); estimated funding required=31 US$ million (market FX) (at 30-Sep-2022); EPS=-0.3 US$/share (Sep-2022 quarter); share of loss of Cauchari-Olaroz=8.3 US$ million (Sep-2022 quarter)",Benzinga,https://app.bigdata.com/documents/8966DFADCA9CD3A8BA94C734FFD5B4B4
2022-10-31,CXO,Sep-2022 quarter,guidance;expansion_ramp,mixed,September quarter report: maiden concentrate now due first half of 2023,"Quarterly report said Finniss was advancing toward first DSO shipments in Q4 CY22 and maiden spodumene concentrate in H1 CY23, later than the earlier Q4 2022 concentrate target; resource and reserve increases also noted.",,Motley Fool,https://app.bigdata.com/documents/31A216C2D3B13ABE08F405BDE497FD9B
2022-10-31,LTR,Sep-2022 quarter,expansion_ramp;earnings,neutral,"September-quarter report: mining proposal approved, A$419.8m cash on hand","WA government approved the mining proposal, allowing construction preparation; EPCM (Lycopodium) and wind-solar-battery power contracts awarded. Quarter-end cash A$419.84m; investing outflow A$26.05m, operating outflow A$2.53m.",cash_and_equivalents=419.84 A$ million (Sep-2022 quarter end); investing_cash_outflow=26.05 A$ million (Sep-2022 quarter); operating_cash_outflow=2.53 A$ million (Sep-2022 quarter),Model ML - Regulatory Filings,https://app.bigdata.com/documents/1839AFA92822441C33B78C8527E99F38?cnum=9
2022-11-03,LAR,,governance,positive,Lithium Americas decides to split into Argentina and North America companies,"Board-backed plan to separate into an Argentina-focused company holding the 44.8% Cauchari-Olaroz interest, 100% of Pastos Grandes and ~17% of Arena Minerals, and a North American company with Thacker Pass; targeted completion by end-2023.",Cauchari-Olaroz interest=44.8 %; Arena Minerals stake=17 % (approx.),Benzinga,https://app.bigdata.com/documents/8DD42E5843920B8E45859C9E7120CC0B
2022-11-11,CXO,,sales_shipments,positive,First DSO trucked from Finniss to Darwin Port,"Crushing began and the first loads of spodumene direct shipping ore were trucked from Finniss to Darwin Port, with ship loading planned from end-November for export before year-end.",,Investing.com,https://app.bigdata.com/documents/45DB2E4431A7F8F8A070CFD107E75FDA
2022-11-11,PLS,,financing_debt,positive,Government agencies approve A$250M 10-year debt facility for expansion,"Export Finance Australia approved A$125M and NAIF up to A$125M in a 10-year facility to fund Pilgangoora expansion (P680 primary rejection and 5Mtpa crushing/ore sorting), subject to documentation and conditions precedent.",facility_size=250 A$M; efa_tranche=125 A$M; naif_tranche=125 A$M,Motley Fool,https://app.bigdata.com/documents/021853B3C53D15E97FF1A52CF6DCC930
2022-11-17,PLS,,governance,positive,Maiden dividend flagged under new capital management framework,Chair said the company plans to begin paying dividends from FY23 under a framework targeting 20-30% of free cash flow; P1000 FID still being progressed.,dividend_payout_target_low=20 % of free cash flow; dividend_payout_target_high=30 % of free cash flow,Motley Fool,https://app.bigdata.com/documents/25798E96C1B21D36F47753DDEA61D889
2022-11-18,SGML,Sep-2022 quarter,earnings;expansion_ramp;governance,mixed,"Q3 2022 update: commissioning in December, cash falls, SBC restatement","Cash C$85.2M at 30 Sept (C$58M by 18 Nov). Crushing commissioning by year-end, commercial production planned April 2023. Prior 2022 interim statements restated for understated stock-based compensation. Dana Perlman joins board; Brian Talbot COO.",cash and equivalents=85.2 C$ million (30-Sep-2022); cash and equivalents=58 C$ million (18-Nov-2022),Benzinga,https://app.bigdata.com/documents/A15213E8D9E2F03AF6664365956761E6
2022-11-18,SGML,,offtake,neutral,Sigma terminates Mitsui heads of agreement to keep sales flexibility,"Citing strong lithium prices, Sigma ended its March-2019 heads of agreement with Mitsui and repaid the C$4.0M drawn under it, preserving commercial optionality for its concentrate sales.",Mitsui HOA amount repaid=4.0 C$ million,Benzinga,https://app.bigdata.com/documents/A15213E8D9E2F03AF6664365956761E6
2022-11-24,CXO,,expansion_ramp;governance,mixed,"AGM: DMS plant nearing completion, concentrate shipments early 2023","At the AGM the chair said ore was being mined at Grants, DSO was being trucked to Darwin for shipping to China within weeks, the DMS plant was nearly complete and concentrate shipments were on track for early 2023; exploration budget to double. Shares fell.",,Motley Fool,https://app.bigdata.com/documents/B9313AA151912484CBC57EADC428F6E6
2022-12-04,SGML,,expansion_ramp;unit_costs;recoveries,positive,"Expansion study targets 768,000 tpa, NPV tripled to US$15.3 billion","Study (5.5% Li2O base case) lifts output from 270,000 tpa in 2023 to 768,000 tpa; capex US$155M. Cash cost US$401/t, AISC US$523/t CIF China; DMS recovery 65.0% Phase 1. Reserves up 63% to 54.8 Mt at 1.44% Li2O.",phase 1 production capacity=270000 tpa 5.5% Li2O concentrate (2023); expanded production capacity=768000 tpa 5.5% Li2O concentrate; expansion capex=155 US$ million; NPV8 after tax=15.3 US$ billion; total cash cost (study)=401 US$/t concentrate; AISC (study)=523 US$/t concentrate CIF China; transport cost mine to CIF China (study)=120 US$/t concentrate; phase 1 DMS lithium recovery (study)=65.0 %; phase 2 DMS lithium recovery (study)=57.9 %; phase 3 DMS lithium recovery (study)=50.6 %; proven and probable reserves=54.8 Mt @ 1.44% Li2O,Benzinga,https://app.bigdata.com/documents/BF13097C8EEF689DCFA177BB212A467B
2022-12-04,SGML,,financing_debt,positive,Sigma signs up to US$100M pre-export debt facility with Synergy Capital,"Senior secured pre-export facility of up to US$100M from shareholder Synergy Capital: 48-month maturity, 12-month BSBY plus 6.95%, US$60M initial draw expected in 2022; funds company to August 2023 including expansion engineering.",facility size=100 US$ million; initial drawdown=60 US$ million; interest margin over 12-month BSBY=6.95 % per annum; maturity=48 months,Benzinga,https://app.bigdata.com/documents/BF13097C8EEF689DCFA177BB212A467B
2022-12-20,LAR,,m_and_a,positive,Lithium Americas agrees all-stock acquisition of Arena Minerals to consolidate Pastos Grandes basin,"Deal valued at about US$227M: 0.0226 LAC share per Arena share (C$0.67, ~28% premium), combining Sal de la Puna with Pastos Grandes; Ganfeng to dispose of its ~16% Arena stake. Cauchari production expected H1 2023; cash US$392M at 30 Sept.",equity value=227 US$ million; exchange ratio=0.0226 LAC shares per Arena share; premium=28 %; cash and short-term deposits=392 US$ million (30-Sep-2022),Benzinga,https://app.bigdata.com/documents/F54FA337FD66B442E21B9196614E86D6
2022-12-20,PLS,,realised_price;offtake;expansion_ramp,mixed,Offtake price reviews lift pricing; P680 capex estimate rises 36% to A$404M,"Price reviews with major offtake customers lift pricing from December shipments; a BMX bid equated to US$8,299/dmt SC6 incl. freight. P680 capex revised to ~A$404M from A$297.5M; A$38.3M pre-FID funding approved for P1000, FID targeted March quarter 2023.",bmx_auction_price=8299 US$/dmt SC6.0 incl. freight; p680_capex_revised=404 A$M; p680_capex_prior=297.5 A$M; p1000_pre_fid_funding=38.3 A$M,Motley Fool,https://app.bigdata.com/documents/0D7D45F0F775992E8A57EBD42CFA87FF
2023-01-02,CXO,,sales_shipments,positive,Loading of first Finniss DSO cargo begins at Darwin Port,"Loading of Core's first 15,000 dmt cargo of 1.4% Li2O direct shipping ore started at Darwin Port on 30 December, bound for Fangcheng, China, at the tendered US$951/dmt.","shipment_volume=15000 dmt spodumene DSO (1.4% Li2O); realised_price=951 US$/dmt, 1.4% Li2O DSO",Investing.com,https://app.bigdata.com/documents/6DED9285004DCBFEC374047ABA102758
2023-01-05,CXO,,sales_shipments,positive,"Maiden Finniss DSO shipment sails for China, first revenue event","The vessel Rossana sailed from Darwin with 15,000 dmt of 1.4% Li2O spodumene DSO for a customer in China, Core's first revenue event, worth roughly US$14.25 million at US$951/dmt; focus shifted to finishing the DMS plant.",shipment_volume=15000 dmt spodumene DSO (1.4% Li2O); shipment_value=14.25 US$ million (approx.),MT Newswires - Asia Pacific,https://app.bigdata.com/documents/2C46A4E69D575E82BBAFF4CF7E3047AD
2023-01-19,PLS,Dec-2022 quarter,production;sales_shipments;realised_price;unit_costs,positive,"December-quarter output up 10%; realised price jumps to US$5,668/dmt","Production 162,151 dmt; shipments 148,627 dmt at US$5,668/dmt (~SC5.4 CIF; SC6-equivalent US$6,273) after offtake price reviews. FOB unit cost A$579/dmt, below guidance. Sales A$1.135B; cash A$2.226B. FY23 guidance (540-580kt, A$635-700/dmt) held pending half-year update.",production=162151 dmt spodumene concentrate (Dec-2022 quarter); shipments=148627 dmt spodumene concentrate (Dec-2022 quarter); realised_price=5668 US$/dmt CIF China ~SC5.4 (Dec-2022 quarter); realised_price_sc6_equiv=6273 US$/dmt CIF China SC6.0 (Dec-2022 quarter); unit_operating_cost_fob=579 A$/dmt FOB Port Hedland excl. royalties (Dec-2022 quarter); unit_operating_cost_fob_usd=380 US$/dmt FOB Port Hedland excl. royalties (Dec-2022 quarter); unit_operating_cost_cif=768 US$/dmt CIF China (Dec-2022 quarter); sales_revenue=1.135 A$B (Dec-2022 quarter); cash_balance=2.226 A$B (Dec-2022 quarter),Model ML - Regulatory Filings,https://app.bigdata.com/documents/8FCCF0FC34DBD285353A5ADA508C33BE
2023-01-20,LTR,,guidance;expansion_ramp;financing_debt,negative,Kathleen Valley capex jumps to A$895m; plant lifted to 3Mtpa; DSO option,"Capex to first production revised to A$895m (incl. A$40m contingency) from A$545m, with initial plant capacity raised 20% to 3Mtpa and a direct-shipping-ore option; ~A$685m of funds left versus spend needs, more funding expected by end-2023. Shares fell ~8-10%.",project_capex_estimate=895 A$ million; contingency=40 A$ million; plant_throughput_initial=3 Mtpa; previous_plant_throughput=2.5 Mtpa; project_spend_to_date=73 A$ million; cash_reserves=385 A$ million; remaining_funds_available=685 A$ million,Model ML - Regulatory Filings,https://app.bigdata.com/documents/E1CB194E5CBAAA4ABCA865F077C03F82?cnum=4
2023-01-23,SGML,,expansion_ramp;governance,neutral,"DMS commissioning starts early; Calvyn Gardner exits co-CEO role, new CFO","Sigma began commissioning the DMS module a month ahead of schedule, first ore crushing mid-February, commercial production April 2023. Calvyn Gardner stepped down as co-CEO/co-chair (stays director); Ana Cabral-Gardner sole CEO; Gary Litwack co-chair; Rodrigo Menck CFO.",,Benzinga,https://app.bigdata.com/documents/A8411DEFD54055EC8E7EFD28219C01C6
2023-01-30,CXO,Dec-2022 quarter,sales_shipments;expansion_ramp,mixed,"December quarter: first DSO shipped, crusher commissioned, wet weather floods Grants pit","Quarterly report: first 15,000 dmt DSO cargo sold at US$951/dmt, crushing and screening plant commissioned, cash about A$125 million, first concentrate still due this quarter; a very wet December left significant water in the Grants pit.",cash=125 A$ million,Motley Fool,https://app.bigdata.com/documents/29ABDDDA9A0EB762378D6496E0F78C3B
2023-01-31,LTR,Dec-2022 quarter,expansion_ramp,neutral,"December-quarter report: construction ramping, PPA signed, schedule held at mid-2024","Quarterly report: on-site construction stepped up, most mechanical and electrical supply contracts awarded, power purchase agreement and open-pit preliminary works signed, village opened; Mt Mann pit cut to a boxcut ahead of underground portal; first production still mid-2024.",,Model ML - Regulatory Filings,https://app.bigdata.com/documents/FFF8B0A2CD543C5FFFC0752D04CD73F3?cnum=17
2023-02-02,LTR,,expansion_ramp,positive,First blast completed; open-pit mining starts at Kathleen Valley ahead of schedule,"Liontown completed its first blast and began open-pit mining with Iron Mine Contracting ahead of schedule, marking its shift from explorer to miner; DSO sample composites being prepared for potential buyers; first production still mid-2024.",,Motley Fool,https://app.bigdata.com/documents/B8CCA587B221FC061F84625974B5EF3A?cnum=2
2023-02-13,SGML,,expansion_ramp,positive,"Crushing circuit commissioned; detailed engineering begins for 766,000 tpa expansion","Sigma completed crushing-circuit and water-pumping commissioning on schedule, kept April 2023 commercial production and Q2 cash-flow targets, and started FEL-3 detailed engineering for the Phase 2/3 plant expansion from 270,000 tpa to 766,000 tpa.",phase 1 capacity=270000 tpa lithium concentrate; expanded capacity target=766000 tpa lithium concentrate,Benzinga,https://app.bigdata.com/documents/242802654BFD30B7F0CA91E7879C849F
2023-02-17,SGML,,m_and_a,positive,Report: Tesla weighing takeover bid as Sigma's top holder explores sale,"Bloomberg reported Tesla was talking to advisers about a possible bid for Sigma, while largest shareholder A10 Investimentos (46%) explored a sale to miners or carmakers; high price expectations could deter suitors. US shares jumped over 25% after hours.",A10 Investimentos stake=46 %,The Fly,https://app.bigdata.com/documents/BE104CFDAF65F884762CF45E37A318F9
2023-02-23,PLS,Dec-2022 half-year,earnings;guidance;production;realised_price;unit_costs,positive,"Half-year NPAT A$1.24B, maiden 11c dividend, FY23 guidance upgraded","H1 FY23 revenue A$2,180.1M, EBITDA A$1,811.5M, NPAT A$1,241.9M; 309,255 dmt produced, 286,876 dmt shipped at ~US$4,993/dmt; FOB cost A$595/dmt. Interim dividend 11c. FY23 production guidance raised to 600-620kt; unit cost guidance cut to A$580-610/dmt.",revenue=2180.1 A$M (Dec-2022 half-year); ebitda=1811.5 A$M (Dec-2022 half-year); net_profit_after_tax=1241.9 A$M (Dec-2022 half-year); production=309255 dmt spodumene concentrate (Dec-2022 half-year); shipments=286876 dmt spodumene concentrate (Dec-2022 half-year); realised_price=4993 US$/dmt CIF China (Dec-2022 half-year); unit_operating_cost_fob=595 A$/dmt FOB Port Hedland excl. royalties (Dec-2022 half-year); interim_dividend=11 A cents/share fully franked (Dec-2022 half-year); production_guidance_low=600 kt spodumene concentrate (FY2023); production_guidance_high=620 kt spodumene concentrate (FY2023); unit_cost_guidance_low=580 A$/dmt FOB excl. royalties (FY2023); unit_cost_guidance_high=610 A$/dmt FOB excl. royalties (FY2023),Model ML - Regulatory Filings,https://app.bigdata.com/documents/E9D8B8AFC70D6244851906125542F604
2023-02-23,PLS,,financing_debt,positive,A$250M government facility executed and US$113M bank refinancing signed,"Finance documents for the A$250M 10-year amortising EFA/NAIF facility were executed on 22 February 2023, alongside a new US$113M 5-year facility refinancing the existing USD syndicated debt on better terms; financial close expected in the March quarter.",government_facility=250 A$M; commercial_refinancing_facility=113 US$M,Model ML - Regulatory Filings,https://app.bigdata.com/documents/E9D8B8AFC70D6244851906125542F604
2023-02-27,CXO,,production;expansion_ramp,positive,First spodumene concentrate produced from Finniss DMS plant,Core produced its first batch of spodumene concentrate from the newly built dense media separation plant at Finniss; concentrate to be trucked to Darwin once target volumes are reached. Shares closed 4% lower.,,MT Newswires - Asia Pacific,https://app.bigdata.com/documents/67389FE63506CD3F6265B6E240A511E3
2023-03-06,CXO,,expansion_ramp,positive,BP33 mineral resource more than doubles to 10.1Mt,The BP33 deposit resource rose from 4.37Mt at 1.53% Li2O to 10.1Mt at 1.48% Li2O after drilling; Goldman noted more than half the addition was Inferred and deeper than 400m.,bp33_mineral_resource=10.1 Mt at 1.48% Li2O; bp33_mineral_resource_prior=4.37 Mt at 1.53% Li2O,MT Newswires - Asia Pacific,https://app.bigdata.com/documents/9BF5756CF322D8D2BFA57B7701A54812
2023-03-09,CXO,Dec-2022 half-year,earnings,negative,1H FY23 net loss widens to A$9.2 million before first revenue,"Half-year loss grew to A$9.2 million from A$3.3 million as first sales fell outside the period; cash A$125 million versus A$157 million, net assets A$327 million, EPS loss 0.52 cents. COO and CFO appointments noted.",net_loss=9.2 A$ million (1H FY23); cash=125 A$ million (31-Dec-2022); net_assets=327 A$ million (31-Dec-2022); eps_loss=0.52 A cents per share (1H FY23),Motley Fool,https://app.bigdata.com/documents/79DC6678906C4AE528A64E197C6007EE
2023-03-21,SGML,,governance,negative,Grizzly Research short report questions takeover hopes and ramp-up claims,"Short seller Grizzly Research called buyout speculation misplaced, argued a US$2-3 billion price is more realistic, and alleged missing licences, weak leadership and overstated ramp-up speed. Shares fell about 5%.",,MT Newswires,https://app.bigdata.com/documents/40BE8D97C69573B224E3AE8036289DAA
2023-03-23,CXO,,offtake;financing_debt,mixed,"Yahua buys 18,500t of early concentrate, partly prepaid","Sichuan Yahua agreed to buy the ~3,500t commissioning parcel FOB plus 15,000t under a prepayment (80% paid in April), market-linked with no floor or ceiling, on top of its 300,000t four-year offtake. Shares fell about 4-5%.",sale_volume=18500 t spodumene concentrate; commissioning_parcel=3500 t spodumene concentrate; prepaid_parcel=15000 t spodumene concentrate; prepayment_share=80 % of parcel value,Motley Fool,https://app.bigdata.com/documents/3A78ED1AA69BAA4F1BDA3B3139C7EC01
2023-03-27,LTR,,m_and_a,positive,Liontown rejects Albemarle A$2.50-a-share takeover proposal,"Board rejected an unsolicited, non-binding A$2.50/share scheme proposal from Albemarle (about A$5.2bn enterprise value) as undervaluing the company; Albemarle unit RT Lithium had built a ~2.2% stake on market. Earlier A$2.20 and A$2.35 approaches were also rebuffed.",offer_price=2.5 A$ per share; enterprise_value_implied=5.2 A$ billion; bidder_stake=2.2 % of issued shares,The Fly,https://app.bigdata.com/documents/61780B95B7AAB5520871E48987F860F3?cnum=1
2023-03-29,PLS,,expansion_ramp;offtake,positive,FID on A$560M P1000 expansion lifting Pilgangoora capacity to ~1Mtpa,Board approved P1000: ~320ktpa added nameplate capacity for ~1Mtpa run rate once ramped up in the September 2025 quarter; capex A$560M; ~25-year mine life; first-five-year cash costs ~US$430-470/t. A partnering process for unallocated product was launched.,capex=560 A$M; capacity_increase=320000 tpa spodumene concentrate; capacity_target=1000000 dmt/yr; mine_life=25 years; cash_cost_fy25_29_low=430 US$/t product (real); cash_cost_fy25_29_high=470 US$/t product (real),Model ML - Regulatory Filings,https://app.bigdata.com/documents/8054AAB98EBBC41FE21CE8838C63B0E7
2023-03-31,LAR,FY-2022 / Dec-2022 quarter,earnings;guidance;expansion_ramp,mixed,"FY2022 results: first Cauchari production due H1 2023, 40 ktpa by Q1 2024","Construction substantially complete; first production due by end-H1 2023, ramp in H2 and full 40,000 tpa lithium carbonate rate by Q1 2024. Capex updated to $979M at official FX (from $852M), ~$645M at realised market FX; remaining company funding under $50M; Q1 2023 funding $38M.","Cauchari-Olaroz capex estimate=979 US$ million (100% basis, official FX) (Stage 1); capex at realised market FX=645 US$ million (100% basis) (Stage 1); nameplate capacity=40000 tpa lithium carbonate (Stage 1); remaining company funding requirement=50 US$ million (less than) (from 30-Mar-2023); company share of funding=38 US$ million (Mar-2023 quarter)",Benzinga,https://app.bigdata.com/documents/12579DB8600BAC1390E9D81B5EEA828C
2023-04-05,CXO,,sales_shipments;production;realised_price,positive,"Maiden 3,500t concentrate parcel at port; Grants pit dewatered, mining resumes","First 3,500t parcel of 5.6% Li2O concentrate reached Darwin a month early for Yahua; full mining resumed after the Grants pit was dewatered; both Yahua parcels priced off Fastmarkets spodumene 6% CIF China, 90%/80% paid in April.",parcel_volume=3500 t spodumene concentrate (5.6% Li2O),MT Newswires - Asia Pacific,https://app.bigdata.com/documents/258244260C1CD0BEFA0241AB1A21EF35
2023-04-10,SGML,FY2022,governance,negative,Sigma delays FY2022 annual filings; receives Nasdaq non-compliance notice,Annual audited statements and Form 40-F due 31 March 2023 were delayed by extra audit work tied to the move to production and an SAP rollout; Nasdaq issued a Listing Rule 5250(c)(1) deficiency notice; insiders under trading blackout.,,Benzinga,https://app.bigdata.com/documents/1212CB6406FECE761684DF856C869EF9
2023-04-10,SGML,,expansion_ramp,positive,Sigma obtains final environmental operating licence for Grota do Cirilo,"Minas Gerais regulator COPAM issued the operating licence (LO) after a unanimous 31 March vote, allowing sale of all current, future and stockpiled product; first production still slated for April 2023; expansion to be funded from future cash flow.",,The Fly,https://app.bigdata.com/documents/BAE9161190193990486782E7E924C2EB
2023-04-17,SGML,,production;expansion_ramp,positive,Sigma achieves first production of 5.5% Li2O lithium concentrate,"Commissioning completed; initial runs reached 75% of nameplate throughput, full capacity expected July 2023, first ~15,000 t shipment targeted for May. Product spec: 5.5% Li2O, 0.5-9.5 mm particles, 0.65% iron oxide; ~300,000 t ultra-fine tailings to be sold.",initial throughput=75 % of nameplate; concentrate grade spec=5.5 % Li2O; iron oxide content spec=0.65 %; planned first shipment=15000 t 5.5% Li2O concentrate,Benzinga,https://app.bigdata.com/documents/DFC32E1B41B1133DB0228A98396795C8
2023-04-18,CXO,,expansion_ramp,positive,Finniss mineral resource up 62%; A$25 million drilling program launched,"Total Finniss resource rose 62% to 30.6Mt at 1.31% Li2O, with Measured and Indicated up 46% to 19.4Mt at 1.37% Li2O; Grants dipped 2% on depletion. A record A$25 million 2023 drilling program began.",mineral_resource=30.6 Mt at 1.31% Li2O; measured_indicated_resource=19.4 Mt at 1.37% Li2O; exploration_budget=25 A$ million (2023),Motley Fool,https://app.bigdata.com/documents/3AC363AE3B3E47CB14DA1A179CC7FF08
2023-04-20,LAR,,m_and_a,positive,"Lithium Americas completes Arena Minerals acquisition, adding 65% of Sal de la Puna","Arrangement closed: Lithium Americas acquired all Arena shares, gaining Arena's 65% of the Sal de la Puna project (~13,200 ha in the Pastos Grandes basin). About 8.4 million LAC shares were issued as consideration.",Sal de la Puna interest acquired=65 %; Sal de la Puna area=13200 hectares (approx.); shares issued=8.4 million LAC shares (approx.),The Fly,https://app.bigdata.com/documents/4C68CAD2E55B57AB8CCC20AADE0E72DA
2023-04-26,CXO,Mar-2023 quarter,production;sales_shipments,positive,"March quarter: first 3,500t parcel delivered, cash A$97.8 million","March-quarter report: first 3,500t concentrate parcel delivered to Darwin, second parcel due by end-July, cash A$97.8 million before Yahua receipts; working on updated ore reserve. Shares rose.",cash=97.8 A$ million (31-Mar-2023),Motley Fool,https://app.bigdata.com/documents/60C8CFECD3015838BCDEF6804A64F02E
2023-04-27,PLS,Mar-2023 quarter,sales_shipments;realised_price;unit_costs;guidance,negative,"March-quarter price falls 15% to US$4,840/dmt; cost guidance raised","Shipments 144,312 dmt at ~US$4,840/dmt (~SC5.3 CIF; SC6-equivalent ~US$5,522), incl. a 15,000 dmt spot sale priced off tolled hydroxide. FOB unit cost rose 9% to A$632/dmt; FY23 cost guidance lifted to A$600-640/dmt. Cash A$2.683B.",shipments=144312 dmt spodumene concentrate (Mar-2023 quarter); realised_price=4840 US$/dmt CIF China ~SC5.3 (Mar-2023 quarter); realised_price_sc6_equiv=5522 US$/dmt CIF China SC6.0 (Mar-2023 quarter); unit_operating_cost_fob=632 A$/dmt FOB Port Hedland excl. royalties (Mar-2023 quarter); unit_operating_cost_cif=1144 A$/dmt CIF China (Mar-2023 quarter); unit_cost_guidance_low=600 A$/dmt FOB (FY2023); unit_cost_guidance_high=640 A$/dmt FOB (FY2023); cash_balance=2.683 A$B (Mar-2023 quarter),Motley Fool,https://app.bigdata.com/documents/03D77FAE3F3A8C37410EEC59E0A76ED9
2023-04-27,SGML,,sales_shipments,neutral,First trucks of concentrate and tailings reach Vitoria port,"Sigma trucked its first product to Vitoria Port ahead of planned May shipments of 15,000 t each of concentrate and tailings; 10 trucks in the first week, about 146 t of concentrate; still targeting 270,000 tpa by July 2023.",concentrate trucked in first week=146 t; planned shipment size per product=15000 t,Benzinga,https://app.bigdata.com/documents/E0A19E278F0BC362E20C8BE315B049AE
2023-04-28,LTR,Mar-2023 quarter,expansion_ramp;financing_debt,neutral,"March-quarter report: mining under way, cash A$305.1m, first Ford facility draw","Quarterly report: first blast and 771,000 BCM moved, 444-room village, underground mining tender issued for H2 award, DSO ore stockpiled with samples sent to buyers; cash A$305.1m and first Ford facility drawdown after quarter end.",cash_at_bank=305.1 A$ million (Mar-2023 quarter end); total_material_movement=771000 BCM (Mar-2023 quarter),Model ML - Regulatory Filings,https://app.bigdata.com/documents/8352307FBA68666AC73B019E093D2DF4?cnum=3
2023-05-11,CXO,,sales_shipments;expansion_ramp,positive,First concentrate cargo loads at Darwin; BP33 mining authorisation granted,"About 5,500t of 5.6% Li2O concentrate was loaded onto the St Andrew for Yahua, and the NT government granted mining authorisation and approved the BP33 underground mine management plan, the final approval before an investment decision. Shares closed up 9%.",shipment_volume=5500 t spodumene concentrate (5.6% Li2O); bp33_mineral_resource=10.1 Mt at 1.48% Li2O,Motley Fool,https://app.bigdata.com/documents/C014F81DE1A7CDBFA9ED4551A632E5D8
2023-05-15,LAR,,governance,positive,Board approves arrangement agreement to split into Lithium Argentina and Lithium Americas (NewCo),"Board unanimously approved the separation agreement. Lithium Argentina to hold 44.8% of Cauchari-Olaroz, 100% of Pastos Grandes and 65% of Sal de la Puna; John Kanellitsas interim CEO, Alex Shulga CFO. Shareholder vote set for about 31 July 2023.",Cauchari-Olaroz interest=44.8 %; Sal de la Puna interest=65 %,Benzinga,https://app.bigdata.com/documents/AC464607B32E64770578410EC37C577D
2023-05-15,LAR,Mar-2023 quarter,earnings,neutral,"Q1 2023 (pre-split Lithium Americas): loss narrows to $0.04/share, cash $604M","Combined company Q1 2023 net loss of US$6.4M (US$0.04/share) vs US$46.1M (US$0.35) a year earlier; no revenue. Cash and short-term deposits US$604M plus US$75M available credit. Cauchari-Olaroz ownership 44.8% LAC, 46.7% Ganfeng, 8.5% JEMSE.",net loss=6.4 US$ million (Mar-2023 quarter); EPS=-0.04 US$/share (Mar-2023 quarter); cash and short-term deposits=604 US$ million (31-Mar-2023); available credit=75 US$ million (31-Mar-2023),Benzinga,https://app.bigdata.com/documents/11737A01BEEDE0FAD2F624BD2B1999BC
2023-05-19,CXO,,expansion_ramp;guidance,positive,Board approves A$45-50 million BP33 early works; FID targeted Q1 2024,"Core approved A$45-50 million for early works at the BP33 underground mine while the feasibility study is finished, awarding civil works to Northern Australian Civil; early works and a final investment decision targeted by end of Q1 2024.",bp33_early_works_budget=45-50 A$ million,Motley Fool,https://app.bigdata.com/documents/55AE530E2C6C04339D4AA6E60BC00A4A
2023-05-26,SGML,,offtake;realised_price;sales_shipments,positive,Yahua tailings offtake and spot sale; 50% prepayment at 9% of LiOH,"Sigma signed with Yahua a three-year offtake for all ~1.3% Li2O tailings plus one 15,000 t spot sale of 5.5% concentrate; received 50% prepayment on the 30,000 t shipment, priced at 9% of the lithium hydroxide index (tailings with deductions).","first shipment total=30000 t (15,000 t 5.5% Li2O concentrate + 15,000 t ~1.3% Li2O tailings); price basis=9 % of lithium hydroxide index; prepayment=50 % of shipment value",Benzinga,https://app.bigdata.com/documents/B240FF9A0F89BF52D83B279D74182419
2023-06-12,LAR,,production;expansion_ramp,positive,Cauchari-Olaroz produces first lithium carbonate (below battery grade) during commissioning,"First lower-than-battery-quality lithium carbonate produced in commissioning; extra purification equipment for battery grade due H2 2023. Company warned output will run well below the 40,000 tpa design capacity and below battery spec during ramp-up.",design capacity=40000 tpa lithium carbonate (Stage 1),Benzinga,https://app.bigdata.com/documents/D2CCE3F66520D9A01A952CF115AE9C86
2023-06-12,SGML,FY2022,earnings;guidance,neutral,"Late FY2022 filings completed; 2023 output guided at about 130,000 t","Sigma filed delayed FY2022 audited statements: cash C$96.4M at year-end, C$67.1M on 9 June 2023. Guides about 130,000 t of 5.5% concentrate in 2023, 270,000 tpa run-rate in Q3 2023, expansion earthworks Q3 2023. Q1 2023 filings still pending.",cash and equivalents=96.4 C$ million (31-Dec-2022); cash and equivalents=67.1 C$ million (9-Jun-2023); production guidance=130000 t lithium concentrate (CY2023),Benzinga,https://app.bigdata.com/documents/02F81BC70F85EB2A6718D1A42BD5DB9C
2023-06-26,LAR,,governance,neutral,Separation circular filed; Pastos Grandes resource update technical report published,Management circular filed for the 31 July 2023 meeting on the split; holders of ~23.8% (incl. GM and Ganfeng's GFL International) agreed to vote in favour; effective target by 15 Oct 2023. A Pastos Grandes NI 43-101 resource update was also filed.,shareholder support agreements=23.8 % of outstanding shares (approx.),Benzinga,https://app.bigdata.com/documents/F0D58F433EDFB18D7FD5E8A0D9490D93
2023-07-11,CXO,,sales_shipments;realised_price,positive,"Second concentrate shipment of ~13,100t loading for Yahua","Loading began of about 13,100t of spodumene concentrate for Zhangjiagang, completing the 18,500t additional sales to Sichuan Yahua; sold FOB and linked to the Fastmarkets spodumene 6% CIF China price.",shipment_volume=13100 t spodumene concentrate,Motley Fool,https://app.bigdata.com/documents/7135279C8604CA5DF75A9220A2357906
2023-07-24,CXO,Jun-2023 quarter,production;sales_shipments;unit_costs;recoveries;guidance,negative,"June quarter output 14,685t; FY24 guidance of 80-90kt disappoints, shares -14%","Quarter: 14,685t concentrate, 5,423t shipped, C1 A$902/t (A$1,416/t with royalties), receipts A$114m, cash A$152.7m; FY23 output 18,274t at ~49% recovery. FY24 guidance 80-90kt at C1 A$1,165-1,250/t, FY25 lower; below expectations.",production=14685 t spodumene concentrate (Jun-2023 quarter); sales=5423 t spodumene concentrate (Jun-2023 quarter); c1_unit_cost=902 A$/t FOB (Jun-2023 quarter); c1_unit_cost_incl_royalties=1416 A$/t FOB (Jun-2023 quarter); cash_receipts=114 A$ million (Jun-2023 quarter); cash=152.7 A$ million (30-Jun-2023); production=18274 t spodumene concentrate (FY23); c1_unit_cost=1230 A$/t (FY23); lithia_recovery=49 % (approx.) (FY23); production_guidance=80000-90000 t spodumene concentrate (FY24); c1_cost_guidance=1165-1250 A$/t (FY24),Motley Fool,https://app.bigdata.com/documents/7761B518F59B4016E9BBD06AF3359C82
2023-07-24,PLS,Jun-2023 quarter,production;sales_shipments;realised_price;unit_costs,mixed,June-quarter output record 162.8kt but realised price drops 33%,"June-quarter production 162.8kt (+10%); FY23 output 620.1kt, top of upgraded guidance. Sales 176.3kt at US$3,256/t (-33%); quarterly revenue ~A$800M. CIF unit cost A$976/t. FY23 sales 607.5kt at US$4,449/t average.",production=162.8 kt spodumene concentrate (Jun-2023 quarter); production=620.1 kt spodumene concentrate (FY2023); sales=176.3 kt spodumene concentrate (Jun-2023 quarter); realised_price=3256 US$/t (as reported) (Jun-2023 quarter); unit_operating_cost_cif=976 A$/t CIF (Jun-2023 quarter); sales=607.5 kt spodumene concentrate (FY2023); realised_price=4449 US$/t (as reported) (FY2023),Motley Fool,https://app.bigdata.com/documents/7E2FE1D6EB9D5CF9942BD52A040655B2
2023-07-26,SGML,,sales_shipments;realised_price;recoveries;unit_costs,positive,"Maiden 30,000 t shipment sails; concentrate priced about US$3,500/t FOB Vitoria","First shipment: 15,000 t concentrate plus 15,000 t ~1.3% Li2O by-products, priced at 9% of LiOH: ~US$3,500/t concentrate, ~US$350/t by-product, FOB Vitoria. Plant at ~75% nameplate; max DMS recovery 60% vs 65% design. Technical-report site-gate cash cost ~US$289/t.",concentrate shipped=15000 t battery-grade concentrate; by-products shipped=15000 t ~1.3% Li2O; concentrate provisional price=3500 US$/t FOB Vitoria (9% of LiOH avg China/Japan/Korea); by-product provisional price=350 US$/t FOB Vitoria; maximum DMS recovery achieved=60 %; plant throughput=75 % of nameplate; cash cost estimate (technical report)=289 US$/t FOB site gate,Benzinga,https://app.bigdata.com/documents/192B6ACB01CF391DA357B5AAAB0725C9
2023-07-26,SGML,,governance,neutral,Shareholders vote former co-CEO Calvyn Gardner off Sigma's board,"At the AGM, Calvyn Gardner failed re-election as director with 68.8% of votes against; A10 Investimentos, holding 47.4 million shares, abstained on votes for Gardner and Ana Cabral.",votes against Gardner=68.8 %,Benzinga,https://app.bigdata.com/documents/04BB841C2656687EDBF483DDB0CFBE23
2023-07-28,LTR,Jun-2023 quarter,expansion_ramp,neutral,"June-quarter report: first mill feed and DSO stockpiled, mid-2024 start reaffirmed","Mining and construction activity rose sharply; first mill feed and direct-shipping ore were stockpiled, the 600-room village was commissioned and Iron Mine Contracting was engaged for three years of surface mining; first production still targeted mid-2024.",village_rooms_commissioned=600 rooms,MT Newswires - Asia Pacific,https://app.bigdata.com/documents/92B26545683FFBB890F52CA78D77FDF5?cnum=1
2023-07-31,LAR,,governance,positive,Shareholders approve separation; CRA and IRS tax rulings received,"Lithium Americas shareholders approved the split into Lithium Argentina and Lithium Americas (NewCo); advance tax rulings from the CRA and IRS were received in July. Separation targeted for early October 2023, pending court and exchange approvals.",,Benzinga,https://app.bigdata.com/documents/170533EB259C71AA97575A4AD3430FCF
2023-08-02,PLS,,expansion_ramp,neutral,FID taken on Calix midstream demonstration plant at Pilgangoora,"The Pilbara Minerals-Calix joint venture made a final investment decision to build the mid-stream demonstration plant at Pilgangoora, aimed at a higher-value lithium-enriched product with lower calcination emissions; earthworks followed.",,Model ML - Regulatory Filings,https://app.bigdata.com/documents/A8A629B451556417D2F348AF9FB88D62
2023-08-03,LTR,,expansion_ramp;sales_shipments,positive,Liontown sanctions direct-shipping-ore project for early revenue,"DSO project sanctioned with contractor and equipment secured; 70,000t of DSO stockpiled by end-July, targeting initial sales of 250,000-300,000t of >1% grade DSO before concentrate production, first shipment by end-2023.",dso_stockpiled=70000 t (to end-Jul 2023); dso_initial_sale_target_low=250000 t >1% Li2O DSO; dso_initial_sale_target_high=300000 t >1% Li2O DSO,Motley Fool,https://app.bigdata.com/documents/E80505F951B00C07921674A7F451F911?cnum=2
2023-08-07,LTR,,expansion_ramp;financing_debt,positive,"Diggers & Dealers update: on budget, ECA support letters up to A$300m, Sumitomo study","Kathleen Valley under 12 months from first production, tracking capex with ~60% of spend committed at end-FY23; export credit agencies of Australia, Korea and the US issued non-binding support for up to A$300m; downstream study agreed with Sumitomo.",committed_capex_share=60 % (end-FY23); eca_support_interest=300 A$ million (non-binding),Model ML - Slides,https://app.bigdata.com/documents/DA9CEA5B4899B24E59D73FD36B268D9A?cnum=5
2023-08-07,PLS,,expansion_ramp,positive,Pilgangoora measured and indicated resource rises 64% to 337.3Mt,"Resource upgrade: measured and indicated resource up 64% to 337.3Mt at 1.17% Li2O, with 82% of the total resource now in those categories; 109Mt added; extension targets to be drilled in FY24.",measured_indicated_resource=337.3 Mt; resource_grade=1.17 % Li2O; resource_added=109 Mt,Motley Fool,https://app.bigdata.com/documents/B8DB4434071AE2C30929988893475622
2023-08-09,LAR,Jun-2023 quarter,earnings;guidance;expansion_ramp;sales_shipments,mixed,"Q2 2023: Cauchari 2023 output guided at ~5,000 t; 40 ktpa ramp by mid-2024","Cauchari-Olaroz expected to produce about 5,000 t lithium carbonate in 2023, reaching 40,000 tpa battery-quality by mid-2024 (later than prior Q1 2024 target). $895M of $979M capex spent; remaining funding under $25M; first product at port. Pre-split Q2 profit US$25.8M (US$0.16/share).","production guidance=5000 t lithium carbonate (approx.) (CY-2023); capex spent=895 US$ million (100% basis) (to Jun-2023); total expected capex=979 US$ million (100% basis) (Stage 1); remaining funding requirement=25 US$ million (less than) (from 30-Jun-2023); net income=25.8 US$ million (Jun-2023 quarter); EPS=0.16 US$/share (Jun-2023 quarter); Stage 2 expansion capacity=20000 tpa (at least, additional)",Benzinga,https://app.bigdata.com/documents/0EFCD96ED30E02147FECF8F993E3E1B0
2023-08-11,SGML,,production;recoveries;guidance,positive,"Ramp-up update: 95% nameplate throughput, record 846 t daily output","Plant utilisation about 85%; August month-to-date throughput reached 95% of nameplate with several days at 65% design recovery; record 846 t/day. Reaffirms 130,000 t 2023 guidance and 270,000 tpa run-rate by end-Q3; Metso filter added as contingency.",throughput=95 % of nameplate (Aug-2023 MTD); record daily production=846 t concentrate; recovery on several days=65 %; production guidance=130000 t concentrate (CY2023),The Fly,https://app.bigdata.com/documents/03F6BF519645CAC3AA299EAEE9ED8986
2023-08-14,SGML,Mar-2023 quarter,earnings;guidance,neutral,"Delayed Q1 2023 results call reaffirms 130,000 t output guidance","On its (late) Q1 2023 call, Sigma reaffirmed guidance for 130,000 t of concentrate by year-end 2023, said the dry-stacking module was commissioned, and noted FEL-3 engineering for the expansion was advancing.",production guidance=130000 t concentrate (CY2023),Quartr Transcripts,https://app.bigdata.com/documents/C4CCB391DA102E8F0E66CD57839B6587
2023-08-17,CXO,,financing_debt,negative,A$100 million placement at 40c plus A$20 million SPP; shares crash 25%,"Core completed a A$100 million placement at A$0.40, a 26.6% discount, and offered a A$20 million SPP for BP33 early works, recovery improvements and exploration; pro forma cash ~A$201-221 million. The stock fell about 25%.",placement_size=100 A$ million; spp_target=20 A$ million; issue_price=0.4 A$/share; discount_to_last_close=26.6 %; pro_forma_cash=201-221 A$ million,Motley Fool,https://app.bigdata.com/documents/6807B43B037C92BA4846630A87C969E7
2023-08-17,CXO,,governance;offtake,negative,Tesla notifies Core of potential legal claim over lapsed offtake,"The equity-raise presentation disclosed that Tesla had notified Core of a potential legal claim over the failure to sign a definitive agreement under their March 2022 term sheet, and intends to pursue remedies if unresolved.",,Motley Fool,https://app.bigdata.com/documents/6807B43B037C92BA4846630A87C969E7
2023-08-22,SGML,,governance,negative,Sigma sues former co-CEO Calvyn Gardner alleging trade-secret theft,Sigma filed suit in Manhattan federal court accusing ex-co-CEO Calvyn Gardner and his daughter-in-law of taking trade secrets to undermine the company's sale effort.,,US News & World Report (Reuters),https://app.bigdata.com/documents/6E16593CBE9EB8585620CFEC0E7038F8
2023-08-24,CXO,,sales_shipments;offtake,positive,First Ganfeng offtake parcel and first lithium fines cargo at Darwin,"A 10,000t concentrate parcel, the first delivery under Core's long-term offtakes, reached Darwin Port for Ganfeng within specification, and a first lithium fines cargo was delivered to port as an outlet for low-recovery material.",parcel_volume=10000 t spodumene concentrate,Motley Fool,https://app.bigdata.com/documents/F38E553C8FABA0984C6044BD19AA256A
2023-08-24,PLS,FY2023,earnings;guidance;unit_costs,mixed,"FY23 NPAT A$2.4B, 14c final dividend; FY24 guidance 660-690kt","FY23 revenue A$4.1B, EBITDA A$3.3B, statutory NPAT A$2.4B (underlying A$2,276.3M); cash A$3.3B; final dividend 14c (FY 25c). Ore reserves +35% to 214Mt. FY24 guidance: 660-690kt at A$600-670/dmt; capex guidance above expectations.",revenue=4.1 A$B (FY2023); ebitda=3.3 A$B (FY2023); net_profit_after_tax=2.4 A$B (FY2023); underlying_npat=2276.3 A$M (FY2023); cash_balance=3338.6 A$M (FY2023); final_dividend=14 A cents/share fully franked (FY2023); ore_reserves=214 Mt (FY2023); production_guidance_low=660 kt spodumene concentrate (FY2024); production_guidance_high=690 kt spodumene concentrate (FY2024); unit_cost_guidance_low=600 A$/dmt (FY2024); unit_cost_guidance_high=670 A$/dmt (FY2024),Motley Fool,https://app.bigdata.com/documents/D0942A13BC0B4E16C1917E872ACCB5FC
2023-09-01,SGML,Jun-2023 quarter,earnings;sales_shipments;financing_debt,positive,Q2 2023 results; US$10M Santander export credit line; second shipment at port,"Cash C$45.6M at 30 June; US$31.8M prepayment received; Phase 1 capex US$126.7M spent, US$8.1M left. Closed R$50M (US$10M) Santander green ACE line. Planned September shipments: 15,000 t and 18,000 t concentrate, 30,000 t by-products; expects Q3 operating profit.",cash and equivalents=45.6 C$ million (30-Jun-2023); prepayment received=31.8 US$ million (Jun-2023 quarter); phase 1 capex disbursed=126.7 US$ million; Santander ACE credit line=10 US$ million (R$50 million),Benzinga,https://app.bigdata.com/documents/71238A9DA6033F0B3E3D9853197CA34D
2023-09-04,LTR,,m_and_a,positive,Albemarle lifts proposal to A$3.00 a share; board grants due diligence,Albemarle's best-and-final non-binding A$3.00/share cash proposal (about A$6.6bn equity value) won exclusive due diligence; the board said it would recommend a binding offer at that price. Shares rose ~9-11%.,offer_price=3.0 A$ per share; equity_value_implied=6.6 A$ billion,Model ML - Regulatory Filings,https://app.bigdata.com/documents/44C11ED6DF4E1818EC3E841F3E9D8E5B?cnum=3
2023-09-08,CXO,,sales_shipments;offtake,positive,"First 10,000t shipment to Ganfeng and 15,000t fines cargo loaded","The first 10,000t concentrate shipment under the Ganfeng offtake was loaded on the Clearwater Bay, priced on a formula linked to lithium spot, and a 15,000t parcel of 1.2% Li2O fines was loaded for China.",shipment_volume=10000 t spodumene concentrate; fines_shipment=15000 t lithium fines (1.2% Li2O),Motley Fool,https://app.bigdata.com/documents/C864F6F09FBC2DC6DABD96F1C84C99B9
2023-09-11,LTR,,governance;m_and_a,neutral,Hancock Prospecting emerges as substantial holder with 7.72% stake,"Gina Rinehart's Hancock Prospecting was confirmed as the buyer of a sizeable Liontown stake, reaching 7.72% (about half a billion dollars), described as strategic with interest in downstream opportunities, complicating Albemarle's bid.",hancock_stake=7.72 % of issued shares,The Fly,https://app.bigdata.com/documents/54AB78EF9E706FCCCD0E588A983B2CE6?cnum=1
2023-09-13,SGML,,m_and_a;governance,positive,Sigma launches formal strategic review after receiving multiple proposals,"Board evaluating proposals for Sigma Brazil, the Canadian parent and the project from energy, auto, battery and refining players; BofA and BTG Pactual advising; outcome needs majority-of-minority shareholder vote. 1% founders' royalty moved to a new institute. Shares rose ~17%.",,MT Newswires,https://app.bigdata.com/documents/ED4A7B48DC8E6D23122E85E93B1F34E6
2023-09-21,SGML,,sales_shipments;offtake;recoveries,positive,"22,500 t shipment to Glencore under new marketing collaboration","Sigma trucked 22,500 t of concentrate (>5.5% Li2O) to Vitoria for Glencore, with 50% prepayment at a provisional 9% of LME lithium hydroxide price. Reaffirmed 130,000 t 2023 target; peak recovery 73%, steady-state target 65%.",shipment=22500 t concentrate >5.5% Li2O; provisional price basis=9 % of LME lithium hydroxide price (avg China/Japan/Korea); maximum recovery achieved=73 %; production guidance=130000 t concentrate (CY2023),Benzinga,https://app.bigdata.com/documents/E45602DD91E84A9A53F8264CAED82764
2023-09-28,LAR,,governance,neutral,Separation completion date set for 3 October 2023; one-for-one share distribution,"Lithium Americas said the split would complete on 3 October 2023; each LAC share entitles holders to one Lithium Argentina (LAAC) share and one new Lithium Americas share, with when-issued trading starting beforehand.",,Benzinga,https://app.bigdata.com/documents/DB2E6656E4F046F1FDFD4A5BA18F2AC1
2023-09-28,LTR,,expansion_ramp,neutral,"Underground mining services contract with Byrnecut executed (~A$1bn, four years)","Liontown executed the Kathleen Valley underground mining contract with Byrnecut, valued at about A$1bn over four years covering operating, sustaining and mine-related capital, following an August letter of award.","contract_value=1 A$ billion (approx., 4 years)",MT Newswires - Asia Pacific,https://app.bigdata.com/documents/5CCE9A70BDC8B7E27A08DF13DD0B025B?cnum=1
2023-09-29,CXO,FY23 (Jun-2023),earnings;guidance;sales_shipments,positive,Maiden full-year profit of A$10.8 million; FY24 guidance reaffirmed,"FY23 NPAT A$10.8 million with cash A$153 million and no debt; sold 14,774 dmt DSO and shipped 5,423 dmt concentrate. FY24 guidance reaffirmed at 80-90kt production, 90-100kt sales, C1 A$1,165-1,250/t. Shares jumped 22%.",npat=10.8 A$ million (FY23); cash=153 A$ million (30-Jun-2023); dso_sales=14774 dmt (FY23); concentrate_shipped=5423 dmt (FY23); production_guidance=80000-90000 t (FY24); sales_guidance=90000-100000 t (FY24); c1_cost_guidance=1165-1250 A$/t (FY24),Motley Fool,https://app.bigdata.com/documents/4B79D2EA80DA8332316757C6A459DAD8
2023-09-29,LTR,,guidance;unit_costs;expansion_ramp,mixed,Capex raised 6% to A$951m; C1 cost guided at A$651/t SC6; 4Mtpa pulled forward,"Capex to first production now A$951m (up ~6% from A$895m, A$25m contingency), excluding A$26m early mine development and A$37m for 567kt pre-production ROM stockpiles; 10-year average C1 A$651/t SC6; 4Mtpa brought forward two years to 2027; DSO to be ore-sorted and stockpiled given weaker prices.",project_capex_estimate=951 A$ million; previous_capex_estimate=895 A$ million; contingency=25 A$ million; c1_cash_cost_guidance=651 A$/dmt SC6 (first 10 years average); early_mine_development_cost=26 A$ million; rom_stockpile_cost=37 A$ million; rom_stockpile=567000 t,Model ML - Regulatory Filings,https://app.bigdata.com/documents/8FEA5339A958D2CB2797BAD04AC2D50A?cnum=6
2023-09-29,SGML,,expansion_ramp;m_and_a,neutral,"Sigma rejects media reports, says expansion and strategic process on track","Sigma called recent media reports inaccurate and affirmed that Phase 2 and 3 expansion plans (270,000 to 766,000 tpa) were proceeding as planned and that the strategic process continued.",,Benzinga,https://app.bigdata.com/documents/737A84EAB68F9FA095A05443D03D961D
2023-10-02,LTR,,governance;m_and_a,neutral,"Hancock edges toward blocking stake, flags Kathleen Valley execution and cost risk","Hancock kept buying toward a potential blocking position, said the A$951m estimate highlighted execution, ramp-up and market risk and that actual capex could exceed A$1bn; it overtook chair Tim Goyder (14.97%) as top holder.",chair_stake=14.97 % of issued shares,US News & World Report,https://app.bigdata.com/documents/059EACFF821A00E4E721A68ECAEAD9F9?cnum=2
2023-10-02,SGML,,production;recoveries,positive,Record 890 t/day output; plant at 100% design throughput,"Peak daily production of 890 t (320,000 tpa annualised) of 5.5% Li2O concentrate; throughput rose from 75% in late July to 100% of design by 30 Sept; utilisation 88%; grade calibrated down from 5.9% Li2O. Shares fell 5.5% in a broad sell-off.",record daily production=890 t 5.5% Li2O concentrate; annualised production equivalent=320000 tpa; plant utilisation=88 %; throughput=100 % of design (30-Sep-2023),Benzinga,https://app.bigdata.com/documents/46E3D042905A30ED0272415AED6E5BAA
2023-10-03,LAR,,governance,neutral,Separation completed: Lithium Argentina (LAAC) becomes standalone Argentine lithium company,"Lithium Americas became Lithium Americas (Argentina) Corp., trading as LAAC on TSX/NYSE from 4 Oct 2023, retaining the 1.75% convertible notes due 2027. GM holds about 9.4% of each company. John Kanellitsas is executive chair and interim CEO.",GM shareholding=9.4 % (approx.) (Oct-2023),Benzinga,https://app.bigdata.com/documents/6281C56053E1742BA0D1774A99422964
2023-10-11,LTR,,governance;m_and_a,neutral,"Hancock Prospecting lifts Liontown stake to 19.9%, threatening Albemarle scheme","Hancock disclosed a 19.9% holding built on market at no more than A$3 a share, enough to potentially block the Albemarle scheme that needs 75% of votes cast; Hancock said it expects prominent influence as the largest holder.",hancock_stake=19.9 % of issued shares; max_price_paid=3.0 A$ per share,US News & World Report,https://app.bigdata.com/documents/6CAB8AAEE647677F928A859609D59362?cnum=1
2023-10-11,LTR,,m_and_a,neutral,Albemarle due diligence period extended by one week,"Liontown extended Albemarle's exclusive due diligence by a week after it was reported substantially complete, following a four-week period granted in September.",,US News & World Report,https://app.bigdata.com/documents/0C813B9BEEA4B11576CAAC0791B87A02?cnum=1
2023-10-15,CXO,,expansion_ramp,positive,BP33 resource upgraded to 10.5Mt with 89% Measured and Indicated,"Infill drilling lifted BP33 to 10.5Mt at 1.53% Li2O from 10.1Mt at 1.48%, with Measured and Indicated rising to 9.36Mt (89%) from 6.94Mt; FID still targeted early 2024.",bp33_mineral_resource=10.5 Mt at 1.53% Li2O; bp33_measured_indicated=9.36 Mt,Motley Fool,https://app.bigdata.com/documents/E4A72A140D870CBDA5AF843B212A380F
2023-10-16,LTR,,m_and_a,negative,Albemarle withdraws A$3.00-a-share takeover proposal,Albemarle withdrew its A$3.00/share indicative proposal citing growing complexity of executing the deal after Hancock's 19.9% stake; Liontown said it will proceed independently with Kathleen Valley.,withdrawn_offer_price=3.0 A$ per share,Model ML - Regulatory Filings,https://app.bigdata.com/documents/329F7DC0E846B0164B8C87A3916383D8?cnum=4
2023-10-19,LTR,,financing_debt,mixed,A$760m bank/ECA debt package and A$376m placement at A$1.80; shares slump,"Credit-approved A$760m debt package (A$200m EFA ECA facility, A$450m commercial/CEFC, A$110m cost overrun) to refinance the A$300m Ford loan, plus A$376m placement at A$1.80 (35.4% discount) incl. A$10.8m to the chair and an SPP up to A$45m. Shares fell about a third.",debt_package=760 A$ million; eca_facility=200 A$ million; commercial_facility=450 A$ million; cost_overrun_facility=110 A$ million; equity_raise=376 A$ million; placement_price=1.8 A$ per share; placement_discount=35.4 %; spp_target=45 A$ million,Model ML - Corporate Actions,https://app.bigdata.com/documents/D07C17949DE45EE8EB3018D1B9459717?cnum=6
2023-10-25,PLS,Sep-2023 quarter,production;sales_shipments;realised_price;unit_costs;expansion_ramp,negative,"September-quarter price slides 31% to US$2,240/t; revenue down 42%","Production 144kt; sales 146.4kt (-17%) at US$2,240/t SC5.3 (US$2,553 SC6); revenue A$493.1M. FOB unit cost up 19% to A$747/t; CIF A$1,004/t. Cash ~A$3.0B after A$421M dividend. P680 primary rejection plant delivered first ore in October.",production=144 kt spodumene concentrate (Sep-2023 quarter); sales=146400 dmt spodumene concentrate (Sep-2023 quarter); realised_price=2240 US$/t SC5.3 (Sep-2023 quarter); realised_price_sc6_equiv=2553 US$/t SC6.0 (Sep-2023 quarter); revenue=493.1 A$M (Sep-2023 quarter); unit_operating_cost_fob=747 A$/t FOB (Sep-2023 quarter); unit_operating_cost_cif=1004 A$/t CIF (Sep-2023 quarter); cash_balance=3.0 A$B (Sep-2023 quarter),Quartr Transcripts,https://app.bigdata.com/documents/22CA952B5ED27471DE811749A7299D75
2023-10-26,CXO,Sep-2023 quarter,production;recoveries;unit_costs;realised_price;sales_shipments,mixed,"September quarter: output up 41% to 20,692t, realised US$2,560/t","Concentrate output 20,692t at 5.0% Li2O, recovery 50%, C1 A$904/t, cash operating cost A$1,889/t; realised price US$2,560/t; A$27.7m repaid to Yahua on QP adjustment; cash A$202.1m. FY24 guidance on track, more tonnes at lower grade.",production=20692 t spodumene concentrate (5.0% Li2O) (Sep-2023 quarter); lithia_recovery=50 % (Sep-2023 quarter); c1_unit_cost=904 A$/t FOB (Sep-2023 quarter); cash_operating_unit_cost=1889 A$/t (Sep-2023 quarter); realised_price=2560 US$/t (delivered grade) (Sep-2023 quarter); qp_repayment_yahua=27.7 A$ million (Sep-2023 quarter); cash=202.1 A$ million (30-Sep-2023),Motley Fool,https://app.bigdata.com/documents/5CCDF2A0EA87D3CBD265DE89D156F3EC
2023-10-30,LTR,Sep-2023 quarter,expansion_ramp;financing_debt,neutral,"September-quarter report: project over 50% complete, 90% of capex committed","Kathleen Valley passed 50% complete with all major contracts let and ~90% of capital committed; 132,813t of ore mined; A$128.6m drawn from the Ford facility (A$52.7m undrawn); quarter-end cash A$285.0m; mid-2024 first production reaffirmed.",cash_balance=285.0 A$ million (Sep-2023 quarter end); ford_facility_drawn_in_quarter=128.6 A$ million (Sep-2023 quarter); ford_facility_undrawn=52.7 A$ million; ore_mined=132813 t (Sep-2023 quarter); total_material_movement=1.4 million BCM (Sep-2023 quarter),Motley Fool,https://app.bigdata.com/documents/E19F28ABA9709EA26F6BB995A89292B6?cnum=2
2023-10-31,SGML,,sales_shipments;financing_debt,positive,"Glencore prepays 50% on third 20,000 t shipment; trade lines available","Sigma received Glencore's 50% prepayment for its third shipment (20,000 t), provisionally priced at 9% of LME lithium hydroxide; Santander and XP green trade-finance lines can be drawn on delivery to Vitoria warehouses.",shipment=20000 t concentrate; provisional price basis=9 % of LME lithium hydroxide price,The Fly,https://app.bigdata.com/documents/682B9A010C8977D84D04275DBAE9EECB
2023-11-07,LAR,Sep-2023 quarter,earnings;guidance;sales_shipments;realised_price;expansion_ramp,neutral,"Q3 2023: 5,000 t guidance reaffirmed; first shipments; pricing at market less KCl processing fee","First lithium carbonate shipped early Q4 2023; ramp-up sales priced at battery-grade market less a fee to remove excess KCl. 2023 guidance of 5,000 t reaffirmed; 40 ktpa by mid-2024; >95% of capex spent; remaining funding under $20M. Post-split cash $147.4M plus $75M undrawn facility.",production guidance=5000 t lithium carbonate (CY-2023); capex spent=95 % (over) (to Sep-2023); remaining funding requirement=20 US$ million (less than) (Stage 1 ramp-up); cash and equivalents post-separation=147.4 US$ million (Oct-2023); undrawn credit facility=75 US$ million (Oct-2023),Benzinga,https://app.bigdata.com/documents/1819ADE1FA40376B4FCAE1BD88819857
2023-11-15,SGML,Sep-2023 quarter,earnings;production;sales_shipments;realised_price;unit_costs;recoveries,positive,"Q3 2023: first revenue US$96.9M, realised US$2,488/t, cost US$505/t","First revenue quarter: produced 38,823 t (5.7% Li2O), sold 38,000 t concentrate plus 16,500 t by-products at US$2,488/t average; cash cost US$505/t mine gate, US$577/t FOB Vitoria; adj. EBITDA US$54.6M; net income US$36.4M; DMS recovery 49%.",revenue=96.9 US$ million (Sep-2023 quarter); concentrate produced=38823 t (Sep-2023 quarter); concentrate grade produced=5.7 % Li2O (Sep-2023 quarter); concentrate sold=38000 t (Sep-2023 quarter); by-products sold=16500 t (Sep-2023 quarter); average realised price=2488 US$/t concentrate (Sep-2023 quarter); adjusted cash operating cost=505 US$/t mine gate (Sep-2023 quarter); adjusted cash operating cost=577 US$/t FOB Vitoria ex-royalties (Sep-2023 quarter); adjusted EBITDA=54.6 US$ million (Sep-2023 quarter); net income=36.4 US$ million (Sep-2023 quarter); cash and equivalents=28.2 US$ million (30-Sep-2023); DMS recovery (average)=49 % (Sep-2023 quarter); production guidance=130000 t (CY2023),Benzinga,https://app.bigdata.com/documents/32358EF3F882F8333B733A6FABA6C274
2023-11-27,SGML,,sales_shipments,positive,"Fourth shipment: 22,000 t loading for Glencore at provisional premium price","Sigma began loading a fourth shipment of 22,000 t for Glencore at Vitoria, with 50% prepayment at a provisional 9% of LME lithium hydroxide price, citing a cadence of about 22,000 t per month.",shipment=22000 t concentrate; provisional price basis=9 % of LME lithium hydroxide price,Benzinga,https://app.bigdata.com/documents/A4E289CA07B4CDBBC8BA704435A497E7
2023-11-30,LTR,,governance;financing_debt;expansion_ramp,neutral,AGM: construction over 60% complete; SPP raised A$13.8m; chair placement approved,At the AGM Liontown said Kathleen Valley was over 60% built with nearly all capex committed and mid-2024 start intact; the chair's A$10.8m placement passed with over 99% support and the SPP at A$1.47 raised A$13.8m.,construction_complete=60 % (more than); spp_proceeds=13.8 A$ million; spp_price=1.47 A$ per share; chair_placement=10.8 A$ million,Model ML - Slides,https://app.bigdata.com/documents/BE7C3905E3851E2172B5305279C2B321?cnum=9
2023-12-18,SGML,,m_and_a,mixed,"Strategic review extends into 2024; Sigma Brazil to seek Nasdaq, Singapore listing","Board said negotiations with finalists were advancing and contract drafting under way, but the review would continue into the new year; Sigma Brazil to pursue Nasdaq and Singapore listings solely to facilitate a strategic transaction.",,Benzinga,https://app.bigdata.com/documents/19A795AFDFBCE4FCE8901C1614E1DBD0
2023-12-20,PLS,,unit_costs,neutral,Phased power strategy targets lower power costs and emissions,"Pilbara released a staged gas-and-solar (later wind) power strategy for Pilgangoora expected to cut power unit costs and lower power emissions intensity ~48% by 2027, and up to 80% by 2030 if regional wind becomes available.",power_emissions_intensity_reduction_2027=48 % (approx.); power_emissions_intensity_reduction_2030=80 % (up to),Motley Fool,https://app.bigdata.com/documents/BE10C12CEB497988B9E543D8F04D160D
2023-12-21,CXO,,curtailment_restart;expansion_ramp,negative,"Strategic review: BP33 early works suspended, mining curtailment considered","After an ~80% fall in spodumene prices in 2023, Core launched a strategic review, suspended BP33 underground early works and said options included temporarily curtailing mining and cutting exploration. Shares fell 21%.",,Motley Fool,https://app.bigdata.com/documents/D024D0CB51C8559DF540873338D0E7C3
2023-12-27,SGML,Dec-2023,production;sales_shipments,positive,"Fifth 22,000 t shipment to Glencore; plant at 270,000 tpa design rate","Sigma loaded a fifth 22,000 t shipment for Glencore (50% prepaid at provisional price) and said the plant sustained design capacity of 270,000 tpa in December, supporting ~22,000 t monthly shipments through 2024.",shipment=22000 t concentrate; production run-rate=270000 tpa (Dec-2023),Benzinga,https://app.bigdata.com/documents/0667727C8AA2665E71BDB75236252D16
2024-01-04,CXO,,curtailment_restart;guidance,negative,Mining at Grants open pit suspended; stockpiles to be processed,"After an 85% fall in spodumene prices over 12 months, Core suspended mining at the Grants pit to preserve cash, continuing to process ore stockpiles; mining to resume when prices improve and an impairment flagged for half-year results. Shares fell 8-11%.",spodumene_price_decline=85 % over prior 12 months,Motley Fool,https://app.bigdata.com/documents/9F5F260B07D47918A3B85ADE4437B273
2024-01-10,LAR,CY-2023,production;recoveries,positive,"2023 Cauchari-Olaroz output ~6,000 t lithium carbonate, beating 5,000 t guidance","Preliminary 2023 production of about 6,000 t lithium carbonate vs 5,000 t guidance; product at 99.5% Li2CO3 content, approaching battery quality. Carbonate plant running near 50% of capacity; KCl plant operational and ramping. Shares fell ~1.9% after hours.",production=6000 t lithium carbonate (approx.) (CY-2023); prior guidance=5000 t lithium carbonate (CY-2023); product grade=99.5 % Li2CO3 content (CY-2023); carbonate plant utilisation=50 % of capacity (approx.) (Jan-2024),Benzinga,https://app.bigdata.com/documents/8146468E83233BACE500C15E0F61A208
2024-01-14,PLS,,offtake,positive,Ganfeng offtake expanded to up to 310ktpa for 2024-2026,"Pilbara amended its Ganfeng offtake, lifting allocation from 160ktpa to up to 310ktpa of spodumene concentrate across CY24-CY26 (260-310kt in CY25 and CY26), with some volume at Pilbara's election; all sold at prevailing market prices.",offtake_allocation_max=310000 tpa spodumene concentrate (CY2024-CY2026); offtake_allocation_prior=160000 tpa spodumene concentrate,Motley Fool,https://app.bigdata.com/documents/5B95CF4477245F819E34F1750ED22A64
2024-01-21,LTR,,guidance;expansion_ramp;financing_debt,negative,Price slump triggers project review; A$760m debt commitment lapses; shares plunge,"After spodumene prices fell (almost 60% since October 2023), Liontown began reviewing deferral of the 4Mtpa underground expansion and cost cuts; lenders' A$760m commitment letter will terminate and a smaller facility is being negotiated. 3Mtpa plant and mid-2024 start unchanged. Shares fell up to ~26%.",plant_capacity_unchanged=3 Mtpa; previous_debt_commitment=760 A$ million,Motley Fool,https://app.bigdata.com/documents/FF52AE674C94F531DD2C9CB476FCD11E?cnum=2
2024-01-23,PLS,Dec-2023 quarter,production;sales_shipments;realised_price;unit_costs;guidance,negative,"December-quarter price halves to US$1,113/dmt; FY24 capex guidance cut","Production 176.0kt (+22%); sales 159.9kt at US$1,113/dmt SC5.2 (SC6 US$1,280); revenue A$264M (-46%). FOB unit cost fell 14% to A$639/t. Cash A$2,144M after A$758M tax. FY24 capex guidance lowered to A$820-875M from A$875-975M.",production=176.0 kt spodumene concentrate (Dec-2023 quarter); sales=159.9 kt spodumene concentrate (Dec-2023 quarter); realised_price=1113 US$/dmt CIF China SC5.2 (Dec-2023 quarter); realised_price_sc6_equiv=1280 US$/dmt CIF China SC6.0 (Dec-2023 quarter); revenue=264 A$M (Dec-2023 quarter); unit_operating_cost_fob=639 A$/t FOB (Dec-2023 quarter); cash_balance=2144 A$M (Dec-2023 quarter); capex_guidance_low=820 A$M (FY2024); capex_guidance_high=875 A$M (FY2024),Quartr Presentation Materials,https://app.bigdata.com/documents/58EE9568BAF1F53D56E03AFA011EAF48
2024-01-24,CXO,Dec-2023 quarter,production;recoveries;unit_costs;realised_price;sales_shipments;guidance,mixed,"December quarter: output 28,837t at 60% recovery, provisional price US$1,418/t","Concentrate output rose 39% to 28,837t at 4.7% Li2O with 60% recovery; cash cost A$1,953/t; 30,718t shipped at provisional US$1,418/t plus 31,296t fines; cash A$124.8m; ROM stocks 289kt. Cost and capital guidance cut after mining halt.",production=28837 t spodumene concentrate (4.7% Li2O) (Dec-2023 quarter); lithia_recovery=60 % (Dec-2023 quarter); cash_operating_unit_cost=1953 A$/t (Dec-2023 quarter); sales=30718 t spodumene concentrate (Dec-2023 quarter); realised_price=1418 US$/t (average provisional) (Dec-2023 quarter); fines_shipped=31296 t lithium fines (Dec-2023 quarter); cash=124.8 A$ million (31-Dec-2023); rom_ore_stockpile=289 kt (31-Dec-2023),Model ML - Regulatory Filings,https://app.bigdata.com/documents/D860216870B6D9BA8D95C0CA78F37889
2024-01-30,LTR,Dec-2023 quarter,expansion_ramp;financing_debt,neutral,"December-quarter report: underground mining begins, A$389.9m raised, cash ~A$517m","Underground mining started on schedule with six portals and 352 development metres in under two months; A$389.9m raised in the quarter (placement, chair placement, SPP, options); cash about A$517m at 31 December; first production still mid-2024.",underground_development=352 m (to Dec-2023); equity_raised=389.9 A$ million (Dec-2023 quarter); cash_balance=517 A$ million (31-Dec-2023),Motley Fool,https://app.bigdata.com/documents/BFEE53A492292B7921C660BDD1C8C174?cnum=3
2024-02-07,PLS,,offtake,positive,Chengxin Lithium offtake extended and expanded through 2026,"Amended Chengxin Lithium offtake adds 60kt in 2024 (total 85kt) and sets 150kt a year in 2025 and 2026, about 385kt in total.",offtake_volume=85000 t spodumene concentrate (CY2024); offtake_volume_annual=150000 t spodumene concentrate (CY2025-CY2026); offtake_total=385000 t spodumene concentrate,Motley Fool,https://app.bigdata.com/documents/E3064D6C3D749689F25840E04AEDE5E9
2024-02-12,SGML,,financing_debt;expansion_ramp,positive,BNDES letter of intent to fund second Greentech plant; full licence granted,"BNDES issued a letter of intent for development-bank debt to fund the second plant after Sigma filed FEL3 capex of R$492.4M (~US$100M). A combined LP/LI/LO licence (31 Jan) allows processing up to 3.7 Mtpa; plant 2 adds ~240,000 t (6% Li2O design basis).",phase 2 FEL3 capex=492.4 R$ million (~US$100 million); phase 2 added capacity (design)=240000 t/yr at 6% Li2O; licensed processing capacity=3.7 Mtpa ore,Benzinga,https://app.bigdata.com/documents/262FB975C3836E089BC0DB0473D14CDA
2024-02-21,PLS,Dec-2023 half-year,earnings;production;realised_price;unit_costs,negative,Half-year revenue falls to A$757M; interim dividend withheld,"H1 FY24 revenue A$757.2M on a 67% lower price (US$1,645/dmt SC5.3; SC6 US$1,880); NPAT A$220.2M; production 320.2kt, sales 306.3kt; FOB unit cost A$691/t; cash A$2,144.2M. No interim dividend, and capex being reduced to preserve capital.",revenue=757.2 A$M (Dec-2023 half-year); net_profit_after_tax=220.2 A$M (Dec-2023 half-year); realised_price=1645 US$/dmt CIF China ~SC5.3 (Dec-2023 half-year); realised_price_sc6_equiv=1880 US$/dmt CIF China SC6.0 (Dec-2023 half-year); production=320.2 kt spodumene concentrate (Dec-2023 half-year); sales=306.3 kt spodumene concentrate (Dec-2023 half-year); unit_operating_cost_fob=691 A$/t FOB (Dec-2023 half-year); cash_balance=2144.2 A$M (Dec-2023 half-year),Quartr Transcripts,https://app.bigdata.com/documents/A614557CB0DCD1AAE9F572C00E1B1F74
2024-02-26,LAR,,governance,neutral,Ganfeng executive Sam Pigott named Lithium Argentina President and CEO,"Board appointed Sam Pigott, previously head of Ganfeng Lithium's international business development and chair of the Minera Exar shareholder committee, as President and CEO effective 18 March 2024; John Kanellitsas stays Executive Chairman.",,Benzinga,https://app.bigdata.com/documents/10F7E23F3F92FA7BA2B91E734EE69E10
2024-03-05,LAR,,financing_debt;m_and_a,positive,Ganfeng agrees to pay $70M for ~15% of Pastos Grandes project,"Ganfeng subsidiary to subscribe US$70M of new shares in Proyecto Pastos Grandes S.A. for about a 15% stake (possible adjustment up to a further 1.6%). Ganfeng to lead a regional development plan with its adjacent Pozuelos-Pastos Grandes project, due by end-2024.",Ganfeng subscription=70 US$ million; stake in Pastos Grandes=15 % (approx.); potential additional interest=1.6 % (up to),Benzinga,https://app.bigdata.com/documents/3B8DE1D1532536243C7E1E938C59CD30
2024-03-12,CXO,Dec-2023 half-year,earnings;realised_price;unit_costs;guidance;offtake,negative,1H FY24 net loss A$167.6 million after Finniss impairment,"Half-year net loss A$167.6m; 49,530t produced at A$1,926/t; 54.1kt sold at US$2,098/t SC6-equivalent, fines US$106/t; A$13.7m QP repayment booked; offtake shortfall risk flagged; Lucas mining and Primero plant contracts ended. FY24 guidance 90-95kt.",net_loss=167.6 A$ million (1H FY24); production=49530 t spodumene concentrate (4.8% Li2O) (1H FY24); cash_operating_unit_cost=1926 A$/t (1H FY24); sales=54.1 kt spodumene concentrate (1H FY24); realised_price=2098 US$/t SC6-equivalent (1H FY24); fines_realised_price=106 US$/t (1H FY24); qp_repayment_liability=13.7 A$ million (1H FY24); production_guidance=90000-95000 t spodumene concentrate (4.77% Li2O) (FY24); sales_guidance=80000-90000 t (FY24),Model ML - Regulatory Filings,https://app.bigdata.com/documents/56761EE6102CB8F26FBB61A3B12369B8
2024-03-12,CXO,,governance,neutral,CEO Gareth Manderson steps down; CFO Doug Warden interim CEO,"Alongside the half-year result Core said CEO Gareth Manderson would step down amid the strategic review, with CFO Doug Warden interim CEO and James Virgo interim CFO from 18 March; director Andrea Hall also resigned.",,MT Newswires - Asia Pacific,https://app.bigdata.com/documents/2CF0125DF75E9465910BA524599166AE
2024-03-13,LTR,,financing_debt,positive,Liontown signs smaller A$550m debt facility maturing October 2025,"A$550m facility (plus A$40m capitalised interest allowance) signed with CBA, NAB, Societe Generale, EFA and CEFC to refinance Ford and fund first production and 3Mtpa ramp-up; bullet maturity 31 October 2025; drawdown not expected before early Q3 CY2024.",debt_facility=550 A$ million; capitalised_interest_allowance=40 A$ million,Model ML - Regulatory Filings,https://app.bigdata.com/documents/C132B028A0FB77E514821C8B3257C7E8?cnum=5
2024-03-15,LTR,Dec-2023 half,earnings;financing_debt,neutral,Half-year report: cash A$416.1m at end-February; debt drawdown conditions pending,"Interim financial report for the December 2023 half notes cash of A$416.1m at 29 February 2024, the January expansion review and the new A$550m facility, whose drawdown conditions were not yet met.",cash_and_equivalents=416.1 A$ million (29-Feb-2024),Model ML - Regulatory Filings,https://app.bigdata.com/documents/0DBE70EAADE2923A39190C1724FE624F?cnum=53
2024-03-21,LAR,FY-2023 / Dec-2023 quarter,earnings;guidance;production;unit_costs,mixed,"FY2023 results: 2024 production target 20,000-25,000 t; Cauchari at ~50% of capacity","2024 Cauchari-Olaroz target of 20,000-25,000 t lithium carbonate; plant at ~50% of 40,000 tpa, briefly ~75% in March; nameplate on limited basis by mid-2024. Operating cash flow positive expected. 2023 net income US$1.29B (US$8.02/share); corporate discretionary spend cut 25%; no material Stage 2 capex committed.","production guidance low=20000 t lithium carbonate (CY-2024); production guidance high=25000 t lithium carbonate (CY-2024); capacity utilisation=50 % of 40,000 tpa (approx.) (Mar-2024); net income=1290 US$ million (FY-2023); EPS (diluted)=8.02 US$/share (FY-2023); corporate discretionary spending reduction=25 % (2024)",Benzinga,https://app.bigdata.com/documents/3C0B69176E90227C2618DB5BB7BAB7AE
2024-03-24,PLS,,offtake;m_and_a,neutral,Binding term sheet with Ganfeng to study 32ktpa lithium chemicals plant,"Pilbara and Ganfeng agreed a joint feasibility study, due March quarter 2025, for a ~32ktpa lithium chemicals facility; if it proceeds the JV would be 50:50 with Pilbara supplying 300ktpa of spodumene concentrate. Location not yet chosen.",conversion_capacity=32000 tpa lithium chemicals (LCE); spodumene_offtake_to_jv=300000 tpa spodumene concentrate; jv_ownership=50 % each,Motley Fool,https://app.bigdata.com/documents/28F4D73E268108EFA342DACADD8EC7DE
2024-04-01,SGML,Dec-2023 quarter,earnings;sales_shipments;realised_price;unit_costs,negative,"Q4 2023: realised price falls to US$1,067/t; US$30M provisional-price hit","Q4 shipments of 64,670 t generated US$67.5M, a realised US$1,067/t; reported revenue cut by ~US$30M of provisional adjustments. FY2023: >102,500 t sold, revenue US$135.1M, average US$1,321/t. Pro forma cash cost US$384/t, US$455/t FOB Vitoria.",concentrate shipped=64670 t (Dec-2023 quarter); shipment revenue=67.5 US$ million (Dec-2023 quarter); reported revenue=37.7 US$ million (Dec-2023 quarter); provisional price adjustment=-30 US$ million (Dec-2023 quarter); average realised price=1067 US$/t concentrate (Dec-2023 quarter); revenue=135.1 US$ million (FY2023); concentrate sold=102500 t (over) (FY2023); average realised price=1321 US$/t concentrate (FY2023); pro forma cash operating cost=384 US$/t (Dec-2023 quarter); pro forma cash operating cost=455 US$/t FOB Vitoria (Dec-2023 quarter),Benzinga,https://app.bigdata.com/documents/D2A80ECE2F16190A0E9B0D703F012B22
2024-04-01,SGML,,expansion_ramp;guidance,positive,"FID on US$100M Phase 2 plant to lift capacity to 520,000 t/y","Board approved a second Greentech line adding 250,000 t/y (capex US$100M FEL3), commissioning targeted end-2024 and first production Q1 2025, funded by cash (US$109.4M at 30 March), trade lines and cash flow. Shares rose about 8%.",phase 2 capex=100 US$ million; added capacity=250000 t/yr concentrate; total capacity after phase 2=520000 t/yr concentrate; cash balance=109.4 US$ million (30-Mar-2024),Benzinga,https://app.bigdata.com/documents/5DBBA2133DC453FE43FC196BE4FDF63B
2024-04-01,SGML,FY2023,governance,negative,FY2023 audited annual filings delayed for second straight year,"Sigma said its FY2023 audited statements, MD&A and AIF due 31 March 2024 would be late, citing extra audit procedures from hybrid non-operating/operating quarters after production began; insiders remain under trading blackout.",,Benzinga,https://app.bigdata.com/documents/5DBBA2133DC453FE43FC196BE4FDF63B
2024-04-04,SGML,,m_and_a,negative,CEO says Sigma will not sell at current lithium prices,"Ana Cabral-Gardner told Reuters Sigma would not sell at prevailing prices and is instead doubling capacity; Bank of America still leads the strategic review, which she said ran into heavy price headwinds.",,US News & World Report (Reuters),https://app.bigdata.com/documents/B7E9E588FA39C95D1AEAD8D9D3893B3D
2024-04-11,CXO,,expansion_ramp,positive,Finniss mineral resource up 58% to 48.2Mt,"Updated estimate lifted the Finniss Mineral Resource 58% to 48.2Mt at 1.26% Li2O (608kt contained Li2O), with Measured and Indicated at 27.9Mt at 1.32% Li2O, after 2023 drilling. Shares rose 5-6.5%.",mineral_resource=48.2 Mt at 1.26% Li2O; contained_li2o=608 kt Li2O; measured_indicated_resource=27.9 Mt at 1.32% Li2O,MT Newswires - Asia Pacific,https://app.bigdata.com/documents/437B90DF187D0A5BC64CFAA035247B40
2024-04-15,SGML,,sales_shipments;realised_price,positive,"Eighth shipment sold at fixed US$1,160/t net of VAT","Sigma began loading its eighth shipment, sold via a negotiated auction-style price discovery at a fixed US$1,333/t including 13% VAT, equal to US$1,160/t net of VAT.",fixed price incl. 13% VAT=1333 US$/t concentrate; fixed price net of VAT=1160 US$/t concentrate,MT Newswires,https://app.bigdata.com/documents/958D9AD777CBE71C7A6BAEA490D97AE4
2024-04-18,PLS,Mar-2024 quarter,production;sales_shipments;realised_price;unit_costs,negative,March-quarter price down 28% to US$804/dmt; record monthly output in March,"Production 179kt (+2%), sales 165.1kt; realised US$804/dmt SC5.3 (SC6 US$927), revenue A$192M. FOB unit cost US$444/t (+7%), CIF US$519/t. March output topped 80k dmt below $625/dmt; BMX pre-auction 5k dmt at US$1,106/dmt SC5.5. Cash A$1.8B.",production=179 kt spodumene concentrate (Mar-2024 quarter); sales=165.1 kt spodumene concentrate (Mar-2024 quarter); realised_price=804 US$/dmt CIF China ~SC5.3 (Mar-2024 quarter); realised_price_sc6_equiv=927 US$/dmt CIF China SC6.0 (Mar-2024 quarter); revenue=192 A$M (Mar-2024 quarter); unit_operating_cost_fob_usd=444 US$/t FOB (Mar-2024 quarter); unit_operating_cost_cif_usd=519 US$/t CIF (Mar-2024 quarter); bmx_pre_auction_price=1106 US$/dmt SC5.5 (Mar-2024); cash_balance=1.8 A$B (Mar-2024 quarter),Quartr Transcripts,https://app.bigdata.com/documents/6CF9E74732A43B9ACD8D6D696635F992
2024-04-29,CXO,Mar-2024 quarter,production;sales_shipments;curtailment_restart,negative,"March quarter: stockpile output 24,927t but shipments slump to 10,199t","Processing stockpiles produced 24,927t (down 14%) but only 10,199t was shipped; 19,756t concentrate and 20,000t fines held (about A$25m); cash fell to A$80.4m; ~139kt ore left to process until mid-2024; restart plans prepared. Shares hit multi-year low.",production=24927 t spodumene concentrate (Mar-2024 quarter); sales=10199 t spodumene concentrate (Mar-2024 quarter); concentrate_inventory=19756 t (31-Mar-2024); fines_inventory=20000 t (31-Mar-2024); inventory_market_value=25 A$ million (approx.) (31-Mar-2024); cash=80.4 A$ million (31-Mar-2024); rom_ore_stockpile=139 kt (approx.) (31-Mar-2024),Motley Fool,https://app.bigdata.com/documents/87C91148FF8D109DC7CCF992220F3F00
2024-04-29,LTR,Mar-2024 quarter,expansion_ramp;financing_debt,neutral,"March-quarter report: plant ~90% built, dry plant commissioning, cash A$358.1m","Project over 85% complete with process plant ~90% on earned value; dry plant commissioning began in late March; ~1,535m of underground development in the quarter (~1,900m total); 1.1m BCM open-pit mining; cash A$358.1m. 4Mtpa deferral review due by mid-year.",cash_balance=358.1 A$ million (31-Mar-2024); underground_development=1535 m (Mar-2024 quarter); open_pit_mined=1.1 million BCM (Mar-2024 quarter); process_plant_complete=90 % earned value,Model ML - Regulatory Filings,https://app.bigdata.com/documents/EDBDAE15C1DE15B406D7742F3ABA7EFA?cnum=3
2024-05-08,SGML,,expansion_ramp,positive,Proven and probable reserves up 40% to 77 Mt; 25-year life,"Reserves rose by 22.2 Mt to 77.0 Mt at 1.40% Li2O (from 54.8 Mt at 1.44%), within Phase 3 and 4 mines, extending operations to about 25 years at 520,000 tpa across two processing lines.",proven and probable reserves=77.0 Mt @ 1.40% Li2O; reserve increase=22.2 Mt; estimated operating life=25 years,Benzinga,https://app.bigdata.com/documents/275BBBE8128688D0E7E9C088AE1F3EF4
2024-05-10,LTR,,expansion_ramp,neutral,Paste plant EPC contract awarded to GR Engineering,"GR Engineering won the EPC contract for Kathleen Valley's underground paste plant: two trains of up to 160 m3/h, designed to accommodate future 4Mtpa mining.",paste_plant_capacity=160 m3 per hour,Motley Fool,https://app.bigdata.com/documents/9792D43296F1A61E9A554C53B7DA910D?cnum=1
2024-05-13,LAR,Mar-2024 quarter,production;earnings;guidance;financing_debt,neutral,"Q1 2024: Cauchari output ~4,500 t, up 20% q/q; 2024 target reaffirmed","Q1 2024 production about 4,500 t lithium carbonate (+20% vs Q4 2023); planned April shutdown for reliability work; 20,000-25,000 t 2024 target kept. Cash $86M plus $20M loan collateral to be released; Q1 EPS -$0.06 vs +$0.04 consensus. Local debt being refinanced with unsecured facilities.",production=4500 t lithium carbonate (approx.) (Mar-2024 quarter); production guidance low=20000 t lithium carbonate (CY-2024); production guidance high=25000 t lithium carbonate (CY-2024); cash and equivalents=86 US$ million (31-Mar-2024); EPS=-0.06 US$/share (Mar-2024 quarter),Benzinga,https://app.bigdata.com/documents/518B067DE81EFC56A74538D7DB664F1D
2024-05-16,SGML,Mar-2024 quarter,earnings;production;sales_shipments;realised_price;unit_costs,mixed,"Q1 2024: realised US$930/t, plant-gate cost US$397/t, May price US$1,290/t","Produced 54,168 t, sold 52,857 t; business revenue US$49.1M at US$930/t (US$1,035/t on 6% basis); reported revenue US$37.2M after -US$12M provisional adjustment. Cost US$397/t plant gate, US$462/t FOB. May shipment priced US$1,290/t (9% of LME LiOH).",concentrate produced=54168 t (Mar-2024 quarter); concentrate sold=52857 t (Mar-2024 quarter); revenue for business conducted in quarter=49.1 US$ million (Mar-2024 quarter); reported revenue=37.2 US$ million (Mar-2024 quarter); provisional price adjustment=-12 US$ million (Mar-2024 quarter); average realised price=930 US$/t FOB (Mar-2024 quarter); average realised price (6% Li2O basis)=1035 US$/t (Mar-2024 quarter); cash operating cost=397 US$/t plant gate (Mar-2024 quarter); cash operating cost=462 US$/t FOB Vitoria (Mar-2024 quarter); cash operating cost incl. royalties=483 US$/t FOB Vitoria (Mar-2024 quarter); adjusted EBITDA=5.9 US$ million (Mar-2024 quarter); May shipment price=1290 US$/t (9% of LME lithium hydroxide) (May-2024); cash and equivalents=108.2 US$ million (31-Mar-2024); cost guidance=370 US$/t plant gate; cost guidance=420 US$/t FOB,Benzinga,https://app.bigdata.com/documents/BD91FE7713B8C49302685E01C473B329
2024-05-19,CXO,,governance,neutral,Paul Brown appointed CEO from 4 June,"Core appointed Paul Brown as chief executive effective 4 June 2024, succeeding Gareth Manderson after an interim period under Doug Warden; shares fell about 6% on the day.",,MT Newswires - Asia Pacific,https://app.bigdata.com/documents/BF01A7408298AFD294026B921D9D74E9
2024-06-20,PLS,,expansion_ramp,neutral,P2000 pre-feasibility study outlines expansion to over 2Mtpa,"PFS: a third whole-of-ore flotation plant could lift Pilgangoora output to ~1.9Mtpa average over ten years (>2Mtpa first six) for ~A$1.2B capex; incremental NPV A$2.6B, IRR 55%; FOB costs A$550-650/t. Feasibility study due December quarter 2025.",capex_estimate=1.2 A$B; avg_production_first_10y=1.9 Mtpa SC5.2; incremental_npv=2.6 A$B; incremental_irr=55 %; unit_cost_fob_low=550 A$/t (10-year average); unit_cost_fob_high=650 A$/t (10-year average),Quartr Transcripts,https://app.bigdata.com/documents/87BB5CFF4530CF195DA5C8E9FB2A5A7E
2024-07-02,LTR,,financing_debt;offtake;expansion_ramp,positive,LG Energy Solution invests US$250m via convertible notes; offtake extended to 15 years,"LGES to buy US$250m (A$379m) of 5-year convertible notes at A$1.80, replacing the A$550m bank facility. Offtake extended 10 years (700kt over years 1-5, 1,500kt over years 6-15). Pro forma cash ~A$501m vs ~A$120m capex left; 4Mtpa FID by end-2025. Shares rose ~15%.",convertible_notes=250 US$ million; convertible_notes_aud=379 A$ million; conversion_price=1.8 A$ per share; offtake_volume_years_1_5=700 kt spodumene concentrate; offtake_volume_years_6_15=1500 kt spodumene concentrate; pro_forma_cash=501 A$ million; cash_at_bank=122 A$ million (30-Jun-2024 (unaudited)); remaining_capex_to_first_production=120 A$ million,Model ML - Slides,https://app.bigdata.com/documents/A023EF7F82C82F2AA8BCB39599C5191B?cnum=27
2024-07-08,CXO,FY24 (Jun-2024),production;sales_shipments;guidance;curtailment_restart,mixed,"FY24 output 95,020 dmt beats revised guidance; Finniss paused","FY24 production of 95,020 dmt edged past revised guidance; concentrate sales 97,423 dmt with record quarterly shipments of 33,027 dmt plus 19,771 dmt fines; unaudited cash A$87.6m; Finniss to pause while restart is assessed.",production=95020 dmt spodumene concentrate (FY24); sales=97423 dmt spodumene concentrate (FY24); sales=33027 dmt spodumene concentrate (Jun-2024 quarter); fines_shipped=19771 dmt lithium fines (Jun-2024 quarter); cash=87.6 A$ million (unaudited) (30-Jun-2024),MT Newswires - Asia Pacific,https://app.bigdata.com/documents/474E3886981E8BB2FD4AAF0E25AC744D
2024-07-15,LTR,,offtake,positive,"Short-term offtake for up to 100,000 dmt of ramp-up volumes signed with refiner","Liontown signed a short-term deal with a lithium refiner (BSIT) for up to 100,000 dmt over 10 months from 30 September 2024, priced off battery-grade lithium carbonate, on top of the Tesla, LGES and Ford contracts.","offtake_volume=100000 dmt spodumene concentrate (up to, 10 months)",Motley Fool,https://app.bigdata.com/documents/494B5B133A180358C37EEDB2D39F8912?cnum=2
2024-07-17,CXO,Jun-2024 quarter,production;recoveries;unit_costs;realised_price;sales_shipments;curtailment_restart,mixed,"June quarter: stockpiles exhausted, processing ends; realised US$1,078/dmt","Final stockpile processing yielded 20,563 dmt at 4.8% with record 63% recovery and A$644/t cash cost; 33,027 dmt sold at US$1,078/dmt, up 16.5%; site placed in restart-ready state with ~5,178t concentrate and ~75kt fines on hand.",production=20563 dmt spodumene concentrate (4.8% Li2O) (Jun-2024 quarter); lithia_recovery=63 % (Jun-2024 quarter); cash_operating_unit_cost=644 A$/t (Jun-2024 quarter); sales=33027 dmt spodumene concentrate (Jun-2024 quarter); realised_price=1078 US$/dmt (average provisional) (Jun-2024 quarter); concentrate_inventory=5178 t (30-Jun-2024); fines_inventory=75000 t (approx.) (30-Jun-2024),Quartr Transcripts,https://app.bigdata.com/documents/E85BB8E3C0D81C5BAC31D0EE48774919
2024-07-23,PLS,Jun-2024 quarter,production;sales_shipments;realised_price;unit_costs;offtake,positive,Record June-quarter output 226.2k dmt; unit cost falls to A$591/dmt,"Production 226.2k dmt (+26%), sales 235.8k dmt; realised US$840/dmt SC5.3 (SC6 US$960); revenue A$305M; FOB cost A$591/dmt. FY24 output 725.3kt beat guidance; FY24 price US$1,176/dmt. Price reviews with two major offtakers improved terms.",production=226.2 k dmt spodumene concentrate (Jun-2024 quarter); sales=235.8 k dmt spodumene concentrate (Jun-2024 quarter); realised_price=840 US$/dmt CIF China ~SC5.3 (Jun-2024 quarter); realised_price_sc6_equiv=960 US$/dmt CIF China SC6.0 (Jun-2024 quarter); revenue=305 A$M (Jun-2024 quarter); unit_operating_cost_fob=591 A$/dmt FOB (Jun-2024 quarter); production=725.3 kt spodumene concentrate (FY2024); realised_price=1176 US$/dmt CIF China ~SC5.3 (FY2024); cash_balance=1.6 A$B (Jun-2024 quarter),Quartr Transcripts,https://app.bigdata.com/documents/AA6FC1EFE2CA333C6C2D7E04BE712CB4
2024-07-29,LTR,Jun-2024 quarter,expansion_ramp;financing_debt,neutral,"June-quarter report: project over 95% complete, cash A$122.9m, hybrid power online","Process plant ~99% built and project over 95% complete; 1,596m of underground development (~3,500m total) with North West Flats scaled back pending the 4Mtpa review; 216kt clean ore stockpiled; 95MW hybrid power station commissioned; cash A$122.9m before the LGES funding.",cash_balance=122.9 A$ million (30-Jun-2024); underground_development=1596 m (Jun-2024 quarter); clean_ore_stockpiled=216 kt (30-Jun-2024); open_pit_mined=1.3 million BCM (Jun-2024 quarter); project_complete=95 % earned value (more than),Model ML - Regulatory Filings,https://app.bigdata.com/documents/957CC00BCF18ED7DD6CBED9EEB2FE1F4?cnum=5
2024-07-29,SGML,,financing_debt,neutral,US$22.4M Banco do Brasil export letter of credit to replace costlier lines,"Sigma signed an inaugural deferred US$22.4M export-financing letter of credit with Banco do Brasil and said it would phase out existing, higher-cost trade lines. Shares fell about 4.5%.",export letter of credit=22.4 US$ million,MT Newswires,https://app.bigdata.com/documents/34053E0C2A956BBB583F5F2158B5FC1F
2024-07-31,LTR,,production;expansion_ramp,positive,First spodumene concentrate produced at Kathleen Valley on schedule,"First concentrate produced after wet-plant commissioning, starting ramp-up to 3Mtpa nameplate expected by end of Q1 CY2025, with recoveries optimised over 12-18 months; 216,000t of clean ore already mined from the open pits.",nameplate_throughput=3 Mtpa; ore_mined_to_date=216000 t clean ore,Motley Fool,https://app.bigdata.com/documents/E47BADF95CB59DDE43FB3E6B43631A9C?cnum=1
2024-08-06,LTR,,production;expansion_ramp,positive,First concentrate trucked to Geraldton; underground ore extraction begins,Initial 145t of concentrate delivered to the Port of Geraldton ahead of a first shipment planned in the September quarter; underground ore extraction started in the first week of August.,concentrate_delivered_to_port=145 t,MT Newswires - Asia Pacific,https://app.bigdata.com/documents/2203EBB92A6DDE8E1A82FB7AA1DC30C3?cnum=1
2024-08-13,LAR,Jun-2024 quarter,production;realised_price;earnings;financing_debt;guidance,mixed,"Q2 2024: output ~5,600 t (+24%), ~70% utilisation; pricing less ~$2,000/t processing deduction","Q2 production ~5,600 t lithium carbonate, running ~70% of 40 ktpa; guidance unchanged. Sales mainly to Ganfeng at China battery-grade spot less VAT and ~$2,000/t impurity-processing deduction. Exar debt ~$315M (official FX); new $80M bank facility; cash $96M. Q2 EPS $0.01 vs $0.05 consensus.","production=5600 t lithium carbonate (approx.) (Jun-2024 quarter); capacity utilisation=70 % of 40,000 tpa (approx.) (Aug-2024); processing-cost price deduction=2000 US$/t (approx.) (Jun-2024 quarter); Minera Exar USD and USD-linked debt=315 US$ million (100% basis, official FX) (30-Jun-2024); bank credit facility=80 US$ million (May-2024); cash and equivalents=96 US$ million (30-Jun-2024); EPS=0.01 US$/share (Jun-2024 quarter)",Benzinga,https://app.bigdata.com/documents/56F9593AA504EF25F82B8387CCE1F85F
2024-08-14,PLS,,m_and_a,mixed,All-share takeover of Latin Resources adds Salinas project in Brazil,"Binding scheme to acquire Latin Resources for about A$560M in shares: 0.07 new Pilbara shares per Latin share (~6.4% of enlarged Pilbara), adding ~20% to Mineral Resources and up to ~30% of pro-forma steady-state output; A$10M loan facility to Latin.","deal_value=560 A$M (approx., all-share); exchange_ratio=0.07 PLS shares per LRS share; latin_holders_ownership=6.4 % of PLS (approx.); loan_facility_to_latin=10 A$M",Bloomberg News,https://app.bigdata.com/documents/4291D6001C19A603EACEB4568E5BC77E
2024-08-16,LAR,,financing_debt;m_and_a,positive,Pastos Grandes stake sale to Ganfeng closes: $70M for 14.9%,Ganfeng completed its US$70M subscription for 14.9% of Proyecto Pastos Grandes. Company expects Argentina's RIGI large-investment regime incentives to apply to Pastos Grandes regional development and Cauchari-Olaroz Stage 2; regional plan with Ganfeng's PPG due around end-2024.,proceeds=70 US$ million; stake sold=14.9 %,The Fly,https://app.bigdata.com/documents/25BF843D26EDCC891091D183C7A60967
2024-08-16,SGML,Jun-2024 quarter,earnings;production;sales_shipments;realised_price;unit_costs;guidance,mixed,"Q2 2024: CIF China cost US$515/t, realised US$894/t CIF, output dips","Production fell to 49,389 t on a June crusher replacement; sales 52,572 t. Revenue US$45.9M, realised US$894/t CIF (US$1,056/t on shipped product). Costs US$364/t plant, US$424/t FOB, US$515/t CIF China. Q3 output guided ~60,000 t.",concentrate produced=49389 t (Jun-2024 quarter); concentrate sold=52572 t (Jun-2024 quarter); reported revenue=45.9 US$ million (Jun-2024 quarter); average realised price=894 US$/t CIF equivalent (Jun-2024 quarter); average price for product shipped=1056 US$/t CIF (Jun-2024 quarter); cash operating cost=364 US$/t plant gate (Jun-2024 quarter); cash operating cost=424 US$/t FOB Vitoria (Jun-2024 quarter); cash operating cost=515 US$/t CIF China (Jun-2024 quarter); cash adjusted EBITDA=13.3 US$ million (Jun-2024 quarter); net loss=-10.8 US$ million (Jun-2024 quarter); production guidance=60000 t (Sep-2024 quarter),Benzinga,https://app.bigdata.com/documents/8E961EB6D8108249E0BF6C65CAAB40C1
2024-08-25,PLS,FY2024,earnings;guidance;unit_costs,negative,FY24 profit falls ~89% to A$257M; FY25 guidance 800-840kt,FY24 revenue A$1.3B (-69%) on a 74% lower realised price; EBITDA A$538M (43% margin); statutory NPAT A$257M (-89%); FOB unit cost A$654/dmt; cash A$1.6B. FY25 guidance: 800-840kt at A$650-700/t.,revenue=1.3 A$B (FY2024); ebitda=538 A$M (FY2024); net_profit_after_tax=257 A$M (FY2024); unit_operating_cost_fob=654 A$/dmt FOB (FY2024); cash_balance=1.6 A$B (FY2024); production_guidance_low=800000 dmt spodumene concentrate (FY2025); production_guidance_high=840000 dmt spodumene concentrate (FY2025); unit_cost_guidance_low=650 A$/t (FY2025); unit_cost_guidance_high=700 A$/t (FY2025),Motley Fool,https://app.bigdata.com/documents/D96FD2C90E57BE9D4E7BBF56A38B80D9
2024-08-29,SGML,,financing_debt;expansion_ramp,positive,BNDES commits BRL 487M 16-year loan to fully fund Plant 2,"Binding BNDES commitment for a BRL 487M development loan (16 years, 7.45% in BRL, 18-month grace, no asset collateral) covering ~99% of the BRL 492M Plant 2 budget; completion targeted summer 2025. Sigma to retire most unused short-term trade lines. Shares rose ~13%.",development loan=487 BRL million; loan term=16 years; interest rate=7.45 % per year in BRL; phase 2 capex budget=492 BRL million,Benzinga,https://app.bigdata.com/documents/E872048D4EEC3048F205F3425EA92BAA
2024-09-04,LTR,,production,positive,"Kathleen Valley passes 10,000t of concentrate at 5.2% Li2O","More than 10,000t of spodumene concentrate produced at a weighted average 5.2% Li2O, meeting contract specifications; inaugural shipment on track for end-September.",concentrate_produced_to_date=10000 t (more than); concentrate_grade=5.2 % Li2O,MT Newswires - Asia Pacific,https://app.bigdata.com/documents/8BCF959CE3588B5F00B3E64B2243810E?cnum=1
2024-09-25,CXO,,expansion_ramp;curtailment_restart,positive,Ore reserve reset around BP33 and Grants for restart study,"Ore reserves updated to 9.25Mt at 1.38% Li2O, with BP33 up 223% to 8.68Mt and Grants 0.57Mt after depletion; Carlton and Hang Gong dropped; supports a ~9.5-year life at 1Mtpa, assuming US$1,450/t long-term spodumene.",ore_reserve=9.25 Mt at 1.38% Li2O; bp33_ore_reserve=8.68 Mt at 1.38% Li2O; grants_ore_reserve=0.57 Mt at 1.40% Li2O; notional_operating_life=9.5 years at 1Mtpa; long_term_spodumene_price_assumption=1450 US$/t,MT Newswires - Asia Pacific,https://app.bigdata.com/documents/8E09F872C562969F3E1389D05C6E1A08
2024-09-27,CXO,FY24 (Jun-2024),earnings;curtailment_restart,negative,FY24 net loss A$207 million including A$119.6 million impairment,"Annual report: revenue net of QP A$189.5m from nine concentrate and four fines shipments; net loss A$207.0m, LBITDA A$47.8m, impairment A$119.6m and A$25.2m onerous mining-contract costs after the mining suspension.",revenue=189.5 A$ million (net of QP) (FY24); net_loss=207.0 A$ million (FY24); lbitda=47.8 A$ million (FY24); impairment=119.6 A$ million (FY24); onerous_contract_costs=25.2 A$ million (FY24),Model ML - Regulatory Filings,https://app.bigdata.com/documents/96FD648C11C7EAC088F493EBF5D49273
2024-09-27,LTR,FY2024 (Jun-2024 year),earnings,negative,FY24 results: net loss A$64.9m with Albemarle and debt-cancellation costs,"Pre-revenue FY24 net loss after tax of A$64.9m including Albemarle bid costs and expensed borrowing costs from cancelled facilities; total assets rose to A$1,384.9m and borrowings rose A$202.5m as the Ford facility was fully drawn.",net_loss_after_tax=64.9 A$ million (FY2024); total_assets=1384.9 A$ million (30-Jun-2024); borrowings_increase=202.5 A$ million (FY2024),Model ML - Regulatory Filings,https://app.bigdata.com/documents/6919FA8232AC27B59F8C289E0A4747EE?cnum=7
2024-09-27,SGML,,guidance;expansion_ramp,positive,"Investor day: plan to reach 125,000 t LCE capacity via Phases 2 and 3","Sigma outlined Phase 2 (250,000 t concentrate) and Phase 3 (+400,000 t) to reach 920,000 t (125,000 t LCE); debottlenecking incl. reprocessing ~200,000 t of 1.5% stockpile targets +10% output. Model shows adjusted cash EBITDA of $420M in 2025 on consensus prices.","phase 2 capacity=250000 t concentrate (34,000 t LCE); phase 3 added capacity=400000 t concentrate (54,000 t LCE); total targeted capacity=920000 t concentrate (125,000 t LCE); stockpile to reprocess=200000 t @ 1.5% Li2O; modelled adjusted cash EBITDA=420 US$ million (2025)",Benzinga,https://app.bigdata.com/documents/8628DEA9D9C3D0B19CD954B8CF5FBEA8
2024-09-30,LTR,,sales_shipments;realised_price;production,positive,"First shipment sails; maiden spot sale at US$802/dmt SC6, above spot","Inaugural 11,855 wmt cargo at 5.2% Li2O left Geraldton on 27 September for an existing offtaker; over 28,000 wmt produced to date. First spot sale of 10,000t to a Singapore trader at a US$802/dmt SC6 reference versus ~US$750 spot.",first_shipment=11855 wmt spodumene concentrate; shipment_grade=5.2 % Li2O; concentrate_produced_to_date=28000 wmt (more than); spot_sale_volume=10000 t spodumene concentrate; spot_sale_price=802 US$/dmt SC6 reference; prevailing_spot_price=750 US$/dmt,Model ML - Regulatory Filings,https://app.bigdata.com/documents/19F20F060B57B2BC7FF6DD47B66E5AF5?cnum=4
2024-10-14,PLS,,financing_debt,positive,New A$1B revolving credit facility replaces government and bank debt,"Pilbara signed a A$1B RCF (two A$500M tranches, four- and five-year tenors) with a bank syndicate, repaying the A$250M EFA/NAIF facility and the US$113M syndicated loan to close it.",rcf_size=1 A$B; tranche_size=500 A$M each,MT Newswires - Asia Pacific,https://app.bigdata.com/documents/21CA99251A1C925B62AD367F26745696
2024-10-23,CXO,Sep-2024 quarter,curtailment_restart;m_and_a;governance,neutral,"September quarter: cash A$61.3m, restart study on track, Charger stake","Quarterly update: cash A$61.3m (from A$87.6m) after one-off suspension costs; 5,178 wmt concentrate and 75,000 wmt fines unsold; restart study due 2H FY25; 7.6m Charger Metals shares and conditional 30% of its Bynoe project; new COO.",cash=61.3 A$ million (30-Sep-2024); concentrate_inventory=5178 wmt (30-Sep-2024); fines_inventory=75000 wmt (30-Sep-2024); charger_shares_acquired=7.6 million shares,Motley Fool,https://app.bigdata.com/documents/2832DC836A40FBBF8C2E784F6DB4AB75
2024-10-29,LTR,Sep-2024 quarter,production;sales_shipments;offtake;expansion_ramp,mixed,"September-quarter report: first sale 10,831 dmt at 5.33%; Ford supply deferred to mid-2025","Maiden shipment of 10,831 dmt at 5.33% Li2O sold, paid after quarter end; over 28,000t produced in eight weeks; open-pit TMM 3,957kt. Ford supply to start on or after 1 July 2025 with pricing switched to a carbonate reference. Shares fell ~3-6%.","sales_volume=10831 dmt spodumene concentrate (Sep-2024 quarter); sales_grade=5.33 % Li2O (Sep-2024 quarter); production=28000 dmt (more than, first eight weeks) (Sep-2024 quarter); open_pit_total_material_movement=3957 kt (Sep-2024 quarter)",Motley Fool,https://app.bigdata.com/documents/67F60BA476C5EFEA65C971200B8CD0EA?cnum=3
2024-10-29,PLS,Sep-2024 quarter,production;sales_shipments;realised_price;unit_costs,negative,September-quarter price falls 19% to US$682/dmt; revenue down 31%,"Production 220.1k dmt (-3%, P680 crusher tie-in), sales 214.5k dmt; realised US$682/dmt SC5.3; revenue A$210M. FOB unit cost A$606/dmt (+3%). Cash A$1.4B after growth capex. Latin Resources scheme agreement signed.",production=220.1 k dmt spodumene concentrate (Sep-2024 quarter); sales=214.5 k dmt spodumene concentrate (Sep-2024 quarter); realised_price=682 US$/dmt CIF China ~SC5.3 (Sep-2024 quarter); revenue=210 A$M (Sep-2024 quarter); unit_operating_cost_fob=606 A$/dmt FOB (Sep-2024 quarter); cash_balance=1.4 A$B (Sep-2024 quarter),Quartr Transcripts,https://app.bigdata.com/documents/2148F17094D93309B3E3D86F6C14F3D5
2024-10-29,PLS,FY2025,curtailment_restart;guidance,mixed,Ngungaju plant to care and maintenance; FY25 output guidance cut ~100kt,"Under the P850 model the Ngungaju plant goes to care and maintenance from 1 Dec 2024 (restartable in ~4 months); FY25 production guidance cut to 700-740kt from 800-840kt, cost guidance to A$620-640/t; ~A$200M cash-flow benefit; mining fleets cut from seven to four.",production_guidance_low=700 kt (FY2025); production_guidance_high=740 kt (FY2025); prior_production_guidance_low=800 kt (FY2025); prior_production_guidance_high=840 kt (FY2025); unit_cost_guidance_low=620 A$/t (FY2025); unit_cost_guidance_high=640 A$/t (FY2025); cash_flow_improvement=200 A$M (approx.) (FY2025); pilgan_standalone_capacity=850 ktpa (approx.) (FY2025),Quartr Reports,https://app.bigdata.com/documents/224B375A198D67F4959296DEFAF48860
2024-10-29,PLS,,curtailment_restart,neutral,Calix mid-stream demonstration plant construction paused at 60% complete,"Pilbara and Calix paused the on-budget, 60%-complete mid-stream demonstration plant until market conditions improve or further government support is secured.",completion_at_pause=60 %,Motley Fool,https://app.bigdata.com/documents/512A9E649B8726A5A19EF00204F5E198
2024-11-05,LAR,Sep-2024 quarter,production;realised_price;expansion_ramp;financing_debt;guidance;earnings,mixed,"Q3 2024: output ~6,800 t, commercial production declared; realised price ~$8,000/t","Q3 production ~6,800 t (+21% q/q), at 75-80% of 40 ktpa; commercial production reached Oct 2024; 2024 guidance kept. Realised price ~$8,000/t in Q3, latest ~$7,000/t; impurity deduction cut from $2,000 to $1,500/t. Exar debt cut by >$110M to ~$202M; cash $92M.","production=6800 t lithium carbonate (approx.) (Sep-2024 quarter); capacity utilisation low=75 % of 40,000 tpa (Nov-2024); capacity utilisation high=80 % of 40,000 tpa (Nov-2024); realised price=8000 US$/t lithium carbonate (approx.) (Sep-2024 quarter); latest realised price=7000 US$/t lithium carbonate (approx.) (Oct/Nov-2024); processing-cost price deduction=1500 US$/t (from 2,000) (from Sep-2024); Minera Exar USD and USD-linked debt=202 US$ million (100% basis, official FX) (30-Sep-2024); cash and equivalents=92 US$ million (30-Sep-2024)",PubT,https://app.bigdata.com/documents/EEA244825827C1C9E7D1212B5C1CDFF8
2024-11-10,LTR,H2 FY2025,guidance;unit_costs;curtailment_restart;recoveries,mixed,Mine plan cut to 2.8Mtpa; H2 FY25 unit cost guided A$775-855/dmt SC6,"Revised plan targets 2.8Mtpa from end-FY27 (~530ktpa SC6 FY28-30), prioritising high-grade underground ore, deferring Northwest Flats to FY31 and cutting ~38,000m of development; up to A$100m savings; H2 FY25 FOB unit cost A$775-855/dmt SC6; recovery seen at ~70% by Q3 FY26.",unit_operating_cost_guidance_low=775 A$/dmt SC6 sold (FOB) (H2 FY2025); unit_operating_cost_guidance_high=855 A$/dmt SC6 sold (FOB) (H2 FY2025); production_rate_target=2.8 Mtpa (from end FY2027); concentrate_output_target=530 ktpa SC6 average (FY2028-FY2030); cost_savings=100 A$ million (up to); development_reduction=38000 m (first 6 years); recovery_assumption=70 % (by Q3 FY2026),Quartr Transcripts,https://app.bigdata.com/documents/80886104E7D05E66050B7048395B900E?cnum=2
2024-11-15,SGML,Sep-2024 quarter,earnings;production;sales_shipments;realised_price;unit_costs;financing_debt;guidance,mixed,Q3 2024: output beats guidance but US$23.3M price settlements drive loss,"Produced 60,237 t; sold 57,483 t at 5.2% grade; CIF price US$820/t. Costs US$395/t plant, US$449/t FOB, US$513/t CIF China. Settlement adjustments cut revenue to US$20.9M; net loss US$25.1M. BNDES loan signed 10 Oct. Q4 guidance ≥60,000 t.",concentrate produced=60237 t (Sep-2024 quarter); concentrate sold=57483 t (Sep-2024 quarter); concentrate grade sold=5.2 % Li2O (Sep-2024 quarter); average reported selling price=820 US$/t CIF (Sep-2024 quarter); concentrate grade sold=5.5 % Li2O (Jun-2024 quarter); average revenue per tonne=415 US$/t CIF (Sep-2024 quarter); sales revenue for shipments=44.2 US$ million (Sep-2024 quarter); provisional price adjustment=-23.3 US$ million (Sep-2024 quarter); total reported revenue=20.9 US$ million (Sep-2024 quarter); cash operating cost=395 US$/t plant gate (incl. temporary US$25/t mobile crushers) (Sep-2024 quarter); cash operating cost=449 US$/t FOB Vitoria (Sep-2024 quarter); cash operating cost=513 US$/t CIF China (Sep-2024 quarter); cash adjusted EBITDA=-10.6 US$ million (Sep-2024 quarter); net loss=-25.1 US$ million (Sep-2024 quarter); operating cash flow=34 US$ million (Sep-2024 quarter); cash and equivalents=65.6 US$ million (30-Sep-2024); total debt=181 US$ million (30-Sep-2024); production guidance=60000 t (at least) (Dec-2024 quarter),Benzinga,https://app.bigdata.com/documents/C5268FF4168FAEFA72F70D0F426F7BC8
2024-11-27,CXO,,curtailment_restart;governance,neutral,AGM: restart study targeted for June 2025 quarter,"At the AGM Core said the Finniss restart study, re-optimising Grants and BP33 mine plans, flowsheet and capital cost and weighing strategic funding options, was on track for the June 2025 quarter; any restart depends on study results and markets.",,Model ML - Regulatory Filings,https://app.bigdata.com/documents/5BEFF408EB3D5FD197FD825A46D47993
2024-11-27,LTR,,governance;expansion_ramp,neutral,"AGM: 674kt ore stockpiled, 5,300m underground development, three shipments made","Chair told the AGM construction took 19 months from first concrete to first concentrate; 674,000t of ore stockpiled and 5,300m of underground development by end-September; three shipments exported at a premium to spot; revised 2.8Mtpa plan meets customer commitments.",ore_stockpiled=674000 t (to end Sep-2024); underground_development=5300 m (to end Sep-2024),Model ML - Regulatory Filings,https://app.bigdata.com/documents/527C2B09AD5CF738DDFA56C1ECD86E45?cnum=9
2024-11-29,LAR,,governance,neutral,"Lithium Argentina plans Swiss redomicile as Lithium Argentina AG, ticker LAR; Ganfeng standstill","Company proposed continuing from British Columbia to Zug, Switzerland, renamed Lithium Argentina AG, keeping TSX/NYSE listings under new ticker LAR; operational HQ to Buenos Aires. Ganfeng signed a three-year standstill against seeking control. Shareholder vote set for 17 Jan 2025.",Ganfeng standstill term=3 years,Benzinga,https://app.bigdata.com/documents/B33C7ED9DBA3E15B2B983A28C96C483E
2024-12-05,PLS,,m_and_a,positive,Brazilian mining agency approval clears condition for Latin Resources deal,"Brazil's National Mining Agency approved Latin Resources' economic development plan for Salinas, satisfying a regulatory condition of the takeover; shareholder vote set for 16 January 2025, court approval still required.",,MT Newswires - Asia Pacific,https://app.bigdata.com/documents/3E7C49F787A2FBA7483ED90230A06183
2024-12-11,LTR,,sales_shipments;offtake,positive,First cargo to LG Energy Solution in fourth and largest shipment,"Fourth and largest shipment, two cargoes totalling ~33,000 wmt at ~5.2% Li2O, sailed from Geraldton; ~11,000 wmt went to LG Energy Solution under the long-term offtake and the rest to a short-term customer.",shipment_total=33000 wmt spodumene concentrate; lges_volume=11000 wmt; shipment_grade=5.2 % Li2O,Model ML - Regulatory Filings,https://app.bigdata.com/documents/BFA0D78A617DE7CC516C0FD78CF912C1?cnum=4
2024-12-30,SGML,Dec-2024 quarter,production;guidance,positive,"Q4 2024 production of about 75,000 t beats target; 2025 above 270,000 t","Sigma said it produced 75,000 t of concentrate in Q4 2024, exceeding its target of at least 60,000 t, and positioned itself to surpass 270,000 t of production in 2025.",concentrate produced=75000 t (Dec-2024 quarter); production outlook=270000 t (to surpass) (CY2025),Benzinga,https://app.bigdata.com/documents/B37FEBDC92C303B36AC70A3424E08BE6
2025-01-08,LAR,CY-2024,production;guidance;unit_costs,positive,"2024 output ~25,400 t beats guidance; 2025 guided to 30,000-35,000 t","2024 Cauchari-Olaroz production ~25,400 t lithium carbonate (guidance 20,000-25,000 t); Q4 ~8,500 t (+25% q/q) at 85% of capacity. 2025 guidance 30,000-35,000 t. Updated technical report: long-term opex ~$6,543/t, Stage 1 after-tax NPV8 $3.6B (100%).",production=25400 t lithium carbonate (approx.) (CY-2024); production=8500 t lithium carbonate (approx.) (Dec-2024 quarter); capacity utilisation=85 % of design capacity (Dec-2024 quarter); production guidance low=30000 t lithium carbonate (CY-2025); production guidance high=35000 t lithium carbonate (CY-2025); long-term operating cost estimate=6543 US$/t lithium carbonate (approx.) (technical report); Stage 1 after-tax NPV (8%)=3.6 US$ billion (100% basis) (technical report),Benzinga,https://app.bigdata.com/documents/98FB1CB62DB9BCE54CDDCF94C5F2C945
2025-01-17,LAR,,governance,neutral,Shareholders approve corporate migration to Switzerland,"At a special meeting with 39.78% of shares represented, 99.23% of votes cast approved moving incorporation from Canada to Switzerland; effectiveness expected around 23 January 2025 subject to court order.",approval=99.23 % of votes cast,Benzinga,https://app.bigdata.com/documents/75BD8A2CF35822BDD7F9A3C5A3B9D889
2025-01-21,LTR,Dec-2024 quarter,production;sales_shipments;unit_costs;guidance,positive,"December-quarter output triples to 88,683 dmt; revenue A$89.8m; shares jump ~12%","Production rose 215% to 88,683 dmt (5.2% Li2O) and sales to 81,341 dmt over four shipments, revenue A$89.8m; unit cost A$1,000/t and AISC A$1,170/t SC6; operating cash flow A$16.7m; first LGES cargo shipped. H2 FY25 cost guidance of A$775-855/dmt kept.",production=88683 dmt spodumene concentrate (Dec-2024 quarter); sales=81341 dmt spodumene concentrate (Dec-2024 quarter); revenue=89.8 A$ million (Dec-2024 quarter); unit_operating_cost=1000 A$/dmt SC6 sold (Dec-2024 quarter); aisc=1170 A$/dmt SC6 sold (Dec-2024 quarter); operating_cash_flow=16.7 A$ million (Dec-2024 quarter),PubT,https://app.bigdata.com/documents/FB96CCB3C74B2E751B1EA5D6D67430D0?cnum=6
2025-01-23,CXO,Dec-2024 quarter,curtailment_restart,neutral,"December quarter: cash A$49.7m, restart study due June quarter","Quarterly update: cash fell to about A$50m (A$49.7m) from A$61m after a final QP payment, site upkeep and exploration; ~5,000 wmt concentrate and ~75,000 wmt fines held unsold; restart study on track for the June 2025 quarter.",cash=49.7 A$ million (31-Dec-2024); concentrate_inventory=5000 wmt (approx.) (31-Dec-2024); fines_inventory=75000 wmt (approx.) (31-Dec-2024); finniss_site_maintenance_cost=3.4 A$ million (Dec-2024 quarter),Model ML - Regulatory Filings,https://app.bigdata.com/documents/78E6E9D54828101CCC274CD8DBB820B2
2025-01-23,LAR,,governance,neutral,"Redomicile to Zug completed; company renamed Lithium Argentina AG, ticker LAR",Corporate migration from Canada to Switzerland completed; company renamed Lithium Argentina AG with head office in Zug and operations HQ in Buenos Aires; TSX/NYSE trading under LAR expected from 27 January 2025.,,Benzinga,https://app.bigdata.com/documents/6B4CF7880A514B7674D029A014838DD9
2025-01-28,PLS,Dec-2024 quarter,production;sales_shipments;realised_price;unit_costs,neutral,December-quarter output falls 14% under P850; price edges up to US$700/dmt,Production 188.2k dmt (-14%) after Ngungaju went to care and maintenance; sales 204.1k dmt at US$700/dmt SC5.3 (+3%); revenue A$216M; FOB unit cost A$621/dmt. Cash A$1.2B. P1000 in wet commissioning; external brand to become PLS.,production=188.2 k dmt spodumene concentrate (Dec-2024 quarter); sales=204.1 k dmt spodumene concentrate (Dec-2024 quarter); realised_price=700 US$/dmt CIF China ~SC5.3 (Dec-2024 quarter); revenue=216 A$M (Dec-2024 quarter); unit_operating_cost_fob=621 A$/dmt FOB (Dec-2024 quarter); cash_balance=1.2 A$B (Dec-2024 quarter),MT Newswires - Asia Pacific,https://app.bigdata.com/documents/BA0CD3D655B8F23D07F2867C1F08F00D
2025-02-04,PLS,,m_and_a;governance,neutral,Latin Resources acquisition completed; Salinas renamed Colina; PLS rebrand,"Pilbara completed the Latin Resources schemes, issuing 205,521,136 new shares (~6.4% of issued capital); the Brazilian Salinas project became the Colina Project, with a review, exploration and development studies to follow. Group now brands itself PLS.",shares_issued=205521136 new PLS shares; share_of_issued_capital=6.4 % (approx.),Model ML - Regulatory Filings,https://app.bigdata.com/documents/2005192C1EA3A9421807B555860039B7
2025-02-09,PLS,Dec-2024 half-year,earnings,negative,Pre-release flags half-year underlying loss and POSCO JV net loss,"PLS guided H1 FY25 underlying Pilgangoora EBITDA of A$71-75M and an underlying net loss of A$5-7M, and said the POSCO Pilbara Lithium Solution JV would post a net loss on low prices and ramp-up.",underlying_ebitda_low=71 A$M (Dec-2024 half-year); underlying_ebitda_high=75 A$M (Dec-2024 half-year); underlying_net_loss_low=5 A$M (Dec-2024 half-year); underlying_net_loss_high=7 A$M (Dec-2024 half-year),MT Newswires - Asia Pacific,https://app.bigdata.com/documents/9100E8ADD9F9A1C9E68826F3EFF86092
2025-02-13,PLS,,curtailment_restart;financing_debt,neutral,Mid-stream demonstration plant construction resumes with A$15M WA grant,PLS and Calix boards approved resuming the paused mid-stream demonstration plant at Pilgangoora after the Western Australian Government awarded a A$15M grant.,government_grant=15 A$M,Gulf Oil & Gas,https://app.bigdata.com/documents/3B6B5E59CCF2E3581D3BB363AC28FFDB
2025-02-19,PLS,Dec-2024 half-year,earnings;production;realised_price;unit_costs;expansion_ramp,negative,Half-year statutory loss A$69M despite record output; P1000 first ore,"H1 FY25 revenue A$426M (-44%) at US$688/t SC5.3 (SC6 US$780); underlying EBITDA A$74M; statutory loss A$69M. Record production 408.3kt, sales 418.6kt; FOB cost A$614/t. Cash A$1.2B plus A$625M undrawn. P1000 first ore 31 January; no interim dividend.",revenue=426 A$M (Dec-2024 half-year); underlying_ebitda=74 A$M (Dec-2024 half-year); net_loss_after_tax=69 A$M (Dec-2024 half-year); realised_price=688 US$/t CIF China ~SC5.3 (Dec-2024 half-year); realised_price_sc6_equiv=780 US$/t CIF China SC6.0 (Dec-2024 half-year); production=408.3 kt spodumene concentrate (Dec-2024 half-year); sales=418.6 kt spodumene concentrate (Dec-2024 half-year); unit_operating_cost_fob=614 A$/t FOB (Dec-2024 half-year); cash_balance=1.2 A$B (Dec-2024 half-year); undrawn_facilities=625 A$M (Dec-2024 half-year),Quartr Transcripts,https://app.bigdata.com/documents/20B348FC4386847EE0F08ED13763A0A8
2025-02-24,SGML,FY2024,guidance;production,positive,"FY2024 preview: Q4 output 77,000 t; 2025-26 production outlook issued","Ahead of a BMO conference, Sigma previewed Q4 2024 production of 77,000 t and 2024 underlying revenue of US$181M, and forecast production of 300,000 t in 2025 and 520,000 t in 2026 as Plant 2 construction advanced.",concentrate produced=77000 t (Dec-2024 quarter); underlying revenue=181 US$ million (FY2024); production forecast=300000 t (CY2025); production forecast=520000 t (CY2026),MT Newswires,https://app.bigdata.com/documents/5A9431FEE870DE14FC34B18AC6C6A5E1
2025-03-13,LTR,Dec-2024 half (H1 FY2025),earnings;realised_price;recoveries,neutral,H1 FY25 results: revenue A$100.4m at US$811/dmt; net loss A$15.2m,"First-half revenue A$100.4m from 100,240 wmt over four shipments at US$811/dmt CIF; EBITDA A$66m (A$27m adjusted for capitalised commissioning); net loss A$15.2m; cash A$192.9m; ~1.3Mt ore stockpiled; commercial production effective 1 January 2025; December recovery 59%.",revenue=100.4 A$ million (H1 FY2025); realised_price=811 US$/dmt (CIF) (H1 FY2025); realised_price_q2=806 US$/dmt SC6e (Dec-2024 quarter); ebitda=66 A$ million (H1 FY2025); adjusted_ebitda=27 A$ million (H1 FY2025); net_loss=15.2 A$ million (H1 FY2025); cash_and_equivalents=192.9 A$ million (31-Dec-2024); ore_stockpile=1.3 million t (31-Dec-2024); lithia_recovery=59 % (Dec-2024 month),Motley Fool,https://app.bigdata.com/documents/3D1E7BBD8E11DCC4F66FD7AE934AFF52?cnum=1
2025-03-17,LAR,FY-2024 / Dec-2024 quarter,earnings;realised_price;unit_costs;guidance;expansion_ramp;financing_debt,mixed,"FY2024 results: realised ~$7,800/t, cash cost $7,130/t; Stage 2 and regional plans","2024 revenue $198M at ~$7,800/t realised; at a ~$10,400/t reference price realised is ~$8,300/t, with the 2025 pricing deduction cut. Cash opex $7,130/t (Q4 $6,630/t); 2025 sustaining capex $600-700/t. Stage 2 +40,000 tpa under RIGI; Exar debt ~$210M plus new $150M facility.","revenue=198 US$ million (100% basis) (FY-2024); average realised price=7800 US$/t lithium carbonate (approx.) (FY-2024); realised price at current reference=8300 US$/t lithium carbonate (approx.) (Mar-2025); battery-grade reference price=10400 US$/t (approx.) (Mar-2025); cash operating cost=7130 US$/t lithium carbonate sold (FY-2024); cash operating cost=6630 US$/t lithium carbonate sold (Dec-2024 quarter); cost of sales=178 US$ million (FY-2024); sustaining capex guidance low=600 US$/t (CY-2025); sustaining capex guidance high=700 US$/t (CY-2025); Stage 2 additional capacity=40000 tpa LCE; regional growth capacity target=150000 tpa LCE (up to); Minera Exar USD and USD-linked debt=210 US$ million (100% basis, official FX) (31-Dec-2024); new bank facility=150 US$ million (early 2025); cash and equivalents=86 US$ million (31-Dec-2024)",PubT,https://app.bigdata.com/documents/CE559DCA5E4EA17F2AC5CC431579BFBD
2025-03-26,CXO,,curtailment_restart;m_and_a,positive,Core exits remaining Finniss operating contracts for A$19.5 million,"Core concluded its last operating contracts from the previous operating phase, paying A$19.5m over four months to take full ownership of site infrastructure, cutting care and maintenance costs; restart study still due in the June quarter. Shares rose 5%.",contract_exit_cost=19.5 A$ million,Motley Fool,https://app.bigdata.com/documents/F45DD25DFA07F435B2BA09DACF9B4248
2025-03-31,SGML,Dec-2024 quarter,earnings;production;sales_shipments;realised_price;unit_costs;guidance,mixed,"Q4 2024: record 77,034 t output, CIF China cost US$427/t; 2025 guidance","Q4 production 77,034 t, sales 73,900 t, revenue US$47.3M at ~US$900/t (6% CIF China); CIF China cost US$427/t, AISC US$592/t. FY24 underlying revenue US$180.6M. 2025 guidance: at least 270,000 t, CIF cost US$500/t, AISC US$660/t.","concentrate produced=77034 t (Dec-2024 quarter); concentrate sold=73900 t (Dec-2024 quarter); revenue=47.3 US$ million (Dec-2024 quarter); average sales price=900 US$/t (approx., 6% Li2O CIF China) (Dec-2024 quarter); cash operating cost=427 US$/t CIF China (Dec-2024 quarter); AISC=592 US$/t (Dec-2024 quarter); adjusted EBITDA=12.3 US$ million (Dec-2024 quarter); reported revenue=151.4 US$ million (FY2024); underlying revenue=180.6 US$ million (FY2024); cash operating cost=494 US$/t CIF China (FY2024); AISC=714 US$/t (FY2024); total debt=173.6 US$ million (31-Dec-2024); production guidance=270000 t (at least) (CY2025); cost guidance=500 US$/t CIF China (CY2025); AISC guidance=660 US$/t (CY2025)",Benzinga,https://app.bigdata.com/documents/083935A0924442E6428F387FA750AF7C
2025-04-04,SGML,Mar-2025 quarter,production,positive,"Sigma hits Q1 2025 production target of about 68,300 t","Sigma said Q1 2025 production reached about 68,300 t of concentrate, meeting target, with sales on plan and AISC in line with guidance.",concentrate produced=68300 t (Mar-2025 quarter),Benzinga,https://app.bigdata.com/documents/D8686F4B7F13CA22B8FD326A5DD38E62
2025-04-11,LAR,,expansion_ramp;m_and_a,positive,"LOI with Ganfeng to jointly develop Pozuelos-Pastos Grandes basins, up to 150 ktpa LCE","Letter of intent to consolidate Ganfeng's PPG project with Pastos Grandes (85% LAR) and Sal de la Puna (65% LAR) in a phased solar-evaporation plus DLE plan of up to 150,000 tpa LCE, possibly incl. lithium chloride; offtake and minority-partner financing explored. Shares +2.4% premarket.",targeted regional capacity=150000 tpa LCE (up to); DLE demonstration plant capacity=5000 tpa,Benzinga,https://app.bigdata.com/documents/0B7D7565B8DD821DB7EE5EB1DAB6275F
2025-04-16,PLS,Mar-2025 quarter,production;sales_shipments;realised_price;unit_costs;expansion_ramp,negative,March-quarter output down 34% on P1000 tie-ins and cyclone; price US$747/t,"Production 125kt (-34%) on Ngungaju C&M, P1000 commissioning and Cyclone Zelia; sales 125.5kt at US$747/t SC5.3 (+7%); revenue A$150M (-30%); FOB cost A$685/t. P2000 study pushed to FY27; POSCO JV 30% option date extended.",production=125 kt spodumene concentrate (Mar-2025 quarter); sales=125.5 kt spodumene concentrate (Mar-2025 quarter); realised_price=747 US$/t CIF China ~SC5.3 (Mar-2025 quarter); revenue=150 A$M (Mar-2025 quarter); unit_operating_cost_fob=685 A$/t FOB (Mar-2025 quarter),Quartr Transcripts,https://app.bigdata.com/documents/CB1BC971819CEB5138AEF8F1CAF75B8D
2025-04-24,LTR,Mar-2025 quarter,production;sales_shipments;realised_price;unit_costs;recoveries;expansion_ramp,positive,"Record March-quarter output 95,709 dmt; unit cost falls 18% to A$816/t","Commercial production declared; record 95,709 dmt produced and 93,940 dmt sold; revenue A$104m at US$815/dmt SC6e; unit cost A$816 (US$512)/t and AISC A$1,081/t; recovery 64%; operating cash flow A$14m; cash A$173m; first underground stope blasted in April; costs seen at top of guidance.",production=95709 dmt spodumene concentrate (Mar-2025 quarter); sales=93940 dmt spodumene concentrate (Mar-2025 quarter); revenue=104 A$ million (Mar-2025 quarter); realised_price=815 US$/dmt SC6e (CIF) (Mar-2025 quarter); unit_operating_cost=816 A$/dmt SC6e sold (FOB) (Mar-2025 quarter); unit_operating_cost_usd=512 US$/dmt SC6e sold (FOB) (Mar-2025 quarter); aisc=1081 A$/dmt SC6e sold (Mar-2025 quarter); lithia_recovery=64 % (Mar-2025 quarter); operating_cash_flow=14 A$ million (Mar-2025 quarter); cash_balance=173 A$ million (31-Mar-2025),Model ML - Regulatory Filings,https://app.bigdata.com/documents/B20A4E3FF30E337ECEFEDA3E889DCACC?cnum=3
2025-05-07,LTR,,financing_debt,positive,WA government grants A$15m interest-free loan and fee relief,"Liontown signed a A$15m unsecured, interest-free loan under WA's lithium support program, interest-free until spodumene averages over $1,100/t for two quarters or 30 June 2026; also eligible for port charge waivers and tenement fee rebates for up to two years.",government_loan=15 A$ million; price_trigger=1100 per tonne spodumene concentrate,MT Newswires - Asia Pacific,https://app.bigdata.com/documents/6A4C643AABD017AFF59D2EBBE746DC29?cnum=1
2025-05-08,SGML,Mar-2025 quarter,earnings;production;sales_shipments;unit_costs,positive,"Q1 2025 preview: CIF China cost US$458/t, EBITDA US$10M","Preview: production 68,308 t (target 67,500 t), revenue US$47.7M (+28% y/y), sales cut off before a 29,000 t vessel loaded; costs US$458/t CIF China, AISC US$622/t; EBITDA US$10.0M, adjusted US$11.4M.",concentrate produced=68308 t (Mar-2025 quarter); revenue=47.7 US$ million (Mar-2025 quarter); cash operating cost=458 US$/t CIF China (Mar-2025 quarter); AISC=622 US$/t (Mar-2025 quarter); EBITDA=10.0 US$ million (Mar-2025 quarter); adjusted EBITDA=11.4 US$ million (Mar-2025 quarter),Benzinga,https://app.bigdata.com/documents/7879CDDD1A38BBB89EDF8AA5BD3958E1
2025-05-12,CXO,,offtake,positive,Yahua legacy offtake terminated for US$2 million payment,"Core agreed to pay US$2 million (about A$3.1 million) from cash to end its 2019 offtake with Yahua, saying it widens options for strategic funding of a Finniss restart. Shares rose 3-4%.",termination_payment=2 US$ million; termination_payment=3.1 A$ million (approx.),MT Newswires - Asia Pacific,https://app.bigdata.com/documents/349904590525F5BFB5E306565AC84C68
2025-05-14,CXO,,curtailment_restart;guidance;unit_costs;financing_debt,positive,"Restart study: 20-year underground plan, A$175-200m capex; Morgan Stanley on funding","Restart study outlined a 20-year mainly underground plan, 1.2Mtpa plant, ~205kt SC6-equivalent a year, mining costs cut 40% to A$63-72/t, A$175-200m pre-production capex and A$1.2bn free cash flow at US$1,300/t SC6; spot then US$735/t. Shares +19-30%.",mine_life=20 years; free_cash_flow=1.2 A$ billion (life of mine); pre_production_capex=175-200 A$ million; plant_nameplate=1.2 Mtpa; production_rate=205000 t SC6-equivalent per year (approx.); mining_cost=63-72 A$/t (from A$120/t); price_assumption=1300 US$/t SC6; spot_price_reference=735 US$/t SC6; cash=30 A$ million (31-Mar-2025),Motley Fool,https://app.bigdata.com/documents/77D5BE05869255C9B30B10D193CAE463
2025-05-14,LAR,Mar-2025 quarter,production;realised_price;unit_costs;earnings;guidance;recoveries,mixed,"Q1 2025: output 7,200 t (-15%) on planned shutdowns; cash cost $6,634/t, realised ~$8,085/t","Q1 2025 production 7,200 t, down 15% q/q on shutdowns aimed at raising recoveries and cutting costs; April back above 85% capacity; 30,000-35,000 t guidance kept. Revenue $58M at ~$8,085/t; cash opex $6,634/t; further 5-10% cost cut targeted. Cash $74M; Exar net debt ~$218M.","production=7200 t lithium carbonate (Mar-2025 quarter); revenue=58 US$ million (100% basis) (Mar-2025 quarter); average realised price=8085 US$/t lithium carbonate (approx.) (Mar-2025 quarter); cash operating cost=6634 US$/t lithium carbonate sold (Mar-2025 quarter); cost of sales=54 US$ million (Mar-2025 quarter); cash and equivalents=74 US$ million (31-Mar-2025); Minera Exar net debt=218 US$ million (100% basis, official FX) (31-Mar-2025)",PubT,https://app.bigdata.com/documents/0D64FC62F8309E8979C3E0F299A0AC97
2025-05-15,SGML,Mar-2025 quarter,earnings;offtake;expansion_ramp;financing_debt,positive,Q1 2025: first net income; production uncommitted; Plant 2 commissioning end-2025,"Full Q1 results: net income US$4.7M, cash US$31.1M, trade finance cut to US$51.1M, total debt US$165.3M. All production remains uncommitted; prepayment/offtake deals under evaluation. Plant 2 long-lead orders imminent, deliveries 3Q25, commissioning end-4Q25.",net income=4.7 US$ million (Mar-2025 quarter); concentrate sold=61584 t (Mar-2025 quarter); cash and equivalents=31.1 US$ million (31-Mar-2025); short-term trade finance=51.1 US$ million (31-Mar-2025); total debt=165.3 US$ million (31-Mar-2025); production committed under offtake=0 %,Benzinga,https://app.bigdata.com/documents/9383A5D2D553203C3F448FA7886713C4
2025-06-03,PLS,,governance,neutral,CFO Luke Bortoli resigns; search for successor begins,PLS said chief financial officer Luke Bortoli resigned to pursue other opportunities and will stay through a transition; a search covering internal and external candidates has started.,,Model ML - Regulatory Filings,https://app.bigdata.com/documents/530D10D58785BFC49BFC216D473C0647
2025-07-20,PLS,,expansion_ramp,positive,Pilgangoora resource upgraded to 446Mt at higher 1.28% Li2O grade,"During the June 2025 quarter PLS reported an updated Pilgangoora Mineral Resource of 446Mt at 1.28% Li2O (5.7Mt contained Li2O), up in grade from 1.15%, with the Central area adding 87Mt at 1.5% Li2O.",mineral_resource=446 Mt; resource_grade=1.28 % Li2O; contained_li2o=5.7 Mt; central_area_addition=87 Mt at 1.5% Li2O,Motley Fool,https://app.bigdata.com/documents/0C5C6E10616FC395392717482138384C
2025-07-29,LTR,Jun-2025 quarter,production;sales_shipments;realised_price;unit_costs;offtake,negative,"June quarter: price down 9% to US$740/t, AISC up 32% to A$1,227/t","Output 85,892 dmt (5.2%) and sales 97,330 dmt, revenue A$96m at US$740/dmt SC6e; unit cost A$898/t and AISC A$1,227 (US$786)/t as stockpiles were drawn; record operating cash flow A$23m; cash A$156m; up to 150,000 wmt of Ford volumes resold to Chengxin.","production=85892 dmt spodumene concentrate (Jun-2025 quarter); sales=97330 dmt spodumene concentrate (Jun-2025 quarter); revenue=96 A$ million (Jun-2025 quarter); realised_price=740 US$/dmt SC6e (Jun-2025 quarter); unit_operating_cost=898 A$/dmt sold (FOB) (Jun-2025 quarter); aisc=1227 A$/dmt sold (Jun-2025 quarter); aisc_usd=786 US$/dmt sold (Jun-2025 quarter); operating_cash_flow=23 A$ million (Jun-2025 quarter); cash_balance=156 A$ million (30-Jun-2025); resale_offtake_volume=150000 wmt (up to, Chengxin back-to-back)",Model ML - Regulatory Filings,https://app.bigdata.com/documents/8EB2C1A83D1CFF79C3E5480D00D584C3?cnum=27
2025-07-29,LTR,FY2026 (Jun-2026 year),guidance;unit_costs,negative,"FY26 guidance: 365-450kt concentrate, AISC A$1,060-1,296/t, capex A$100-125m","First FY26 guidance for the underground transition year: 365-450kt of concentrate at ~5.2% grade, AISC A$1,060-1,296/t and capex A$100-125m; 100% underground and 70% recovery targeted by Q3 FY26. Midpoints were below consensus on volume and above on cost.",production_guidance_low=365 kt spodumene concentrate (FY2026); production_guidance_high=450 kt spodumene concentrate (FY2026); aisc_guidance_low=1060 A$/t (FY2026); aisc_guidance_high=1296 A$/t (FY2026); capex_guidance_low=100 A$ million (FY2026); capex_guidance_high=125 A$ million (FY2026); recovery_target=70 % (Q3 FY2026),PubT,https://app.bigdata.com/documents/4AFF07CFEAADF7DBD6081D2DCB074406?cnum=1
2025-07-30,CXO,Jun-2025 quarter,curtailment_restart;m_and_a,neutral,"June quarter: restart study done, crushing plant bought, cash A$23.5m","Quarterly report: restart study completed with first 10 years backed by 10.73Mt at 1.29% Li2O reserves; crushing plant acquired, completing ownership of site infrastructure; spending ex-Yahua payment down 67%; cash A$23.5m. Shares slipped ~3%.",ore_reserve=10.73 Mt at 1.29% Li2O; cash=23.5 A$ million (30-Jun-2025); expenditure_change_ex_yahua=-67 % vs Mar-2025 quarter,Motley Fool,https://app.bigdata.com/documents/FAD8E21726E198E1B42DA1C63E4390E8
2025-07-30,PLS,Jun-2025 quarter,production;sales_shipments;realised_price;unit_costs;guidance,positive,June-quarter output up 77% after P1000; FY26 guidance 820-870kt at lower cost,"Production 221.3kt (+77%), sales 216kt; realised price fell 20% to US$599/t; revenue A$193M; FOB cost A$619/t (-10%). FY25 output 754.6kt beat 700-740kt guidance at A$627/t. FY26 guidance 820-870kt at A$560-600/t.",production=221.3 kt spodumene concentrate (Jun-2025 quarter); sales=216 kt spodumene concentrate (Jun-2025 quarter); realised_price=599 US$/t (as reported) (Jun-2025 quarter); revenue=193 A$M (Jun-2025 quarter); unit_operating_cost_fob=619 A$/t FOB (Jun-2025 quarter); production=754.6 kt spodumene concentrate (FY2025); unit_operating_cost_fob=627 A$/t FOB (FY2025); production_guidance_low=820 kt spodumene concentrate (FY2026); production_guidance_high=870 kt spodumene concentrate (FY2026); unit_cost_guidance_low=560 A$/t FOB (FY2026); unit_cost_guidance_high=600 A$/t FOB (FY2026),Finance News Network,https://app.bigdata.com/documents/9D9CCF24A7B3D985B541672C7C8362F2
2025-08-07,LTR,,financing_debt;governance,mixed,A$266m placement at A$0.73 plus A$50m from National Reconstruction Fund and SPP,"A$266m underwritten placement at A$0.73, a A$50m conditional placement to the National Reconstruction Fund Corporation and an SPP lift pro forma cash to ~A$422m; gross debt A$724m at 30 June (Ford A$336m incl. interest); first Ford repayment then due September 2025.",placement=266 A$ million; placement_price=0.73 A$ per share; nrf_conditional_placement=50 A$ million; pro_forma_cash=422 A$ million; gross_debt=724 A$ million (30-Jun-2025); ford_facility_balance=336 A$ million incl. capitalised interest (30-Jun-2025),Model ML - Slides,https://app.bigdata.com/documents/95A7F6E6CBF4FC4C59481E41C3FE1B6D?cnum=64
2025-08-11,LAR,Jun-2025 quarter,production;realised_price;unit_costs;earnings;financing_debt,mixed,"Q2 2025: output 8,500 t (+18%); cash cost down 8% to $6,098/t; realised ~$7,400/t","Q2 2025 production ~8,500 t (+18% q/q), H1 15,700 t; guidance kept. Revenue $64M at ~$7,400/t realised; cash opex $6,098/t. Exar closed $120M bank facilities at ~SOFR+2.5%; Exar net debt ~$233M; company cash $68M. Q2 EPS -$0.03. PPG feasibility study due by end-2025.","production=8500 t lithium carbonate (approx.) (Jun-2025 quarter); production=15700 t lithium carbonate (approx.) (H1-2025); revenue=64 US$ million (100% basis) (Jun-2025 quarter); average realised price=7400 US$/t lithium carbonate (approx.) (Jun-2025 quarter); cash operating cost=6098 US$/t lithium carbonate sold (Jun-2025 quarter); cost of sales=63 US$ million (Jun-2025 quarter); bank debt facilities closed=120 US$ million (Jun-2025 quarter); Minera Exar net debt=233 US$ million (100% basis, official FX) (30-Jun-2025); cash and equivalents=68 US$ million (30-Jun-2025); EPS=-0.03 US$/share (Jun-2025 quarter)",PubT,https://app.bigdata.com/documents/00AF6E098FB500B0087C30AA5EC035B2
2025-08-12,LAR,,m_and_a;financing_debt;offtake;expansion_ramp,mixed,Framework agreement for PPG joint venture with Ganfeng (67/33) plus $130M Ganfeng loan,"Three Salta projects to form a JV (Ganfeng 67%, LAR 33%) targeting 150,000 tpa LCE. Ganfeng lends LAR $130M, six years, SOFR+2.5%; up to 50% of LAR's initial PPG offtake (max 6,000 tpa LCE) goes to Ganfeng. Close due Q1 2026.","Lithium Argentina JV interest=33 %; Ganfeng debt facility=130 US$ million (6-year, SOFR+2.5%); offtake cap to Ganfeng=6000 tpa LCE (PPG initial phase); targeted capacity=150000 tpa LCE (three phases); combined historical investment=1.8 US$ billion (approx.)",Benzinga,https://app.bigdata.com/documents/054C37905F08440273C3F35C264D61F1
2025-08-15,SGML,Jun-2025 quarter,earnings;production;sales_shipments;realised_price;unit_costs,mixed,"Q2 2025: sales withheld, revenue falls 62%; CIF China cost US$442/t","Produced 68,368 t but sold only 40,350 t (5.2% Li2O), withholding ~28,000 t amid price volatility; revenue US$21.1M, US$524/t. Costs US$348/t plant, US$442/t CIF China, AISC US$594/t. Net loss US$18.9M; cash US$15.1M; SC6 provisional US$637/t.",concentrate produced=68368 t (Jun-2025 quarter); concentrate sold=40350 t (Jun-2025 quarter); average grade shipped=5.2 % Li2O (Jun-2025 quarter); average grade shipped=5.0 % Li2O (Mar-2025 quarter); sales revenue=21.1 US$ million (Jun-2025 quarter); average revenue per tonne=524 US$/t (Jun-2025 quarter); average revenue per tonne=777 US$/t (Mar-2025 quarter); average provisional price=637 US$/t SC6 (Jun-2025 quarter); cash operating cost=348 US$/t plant gate (Jun-2025 quarter); cash operating cost=442 US$/t CIF China (Jun-2025 quarter); AISC=594 US$/t (Jun-2025 quarter); adjusted EBITDA=-17.1 US$ million (Jun-2025 quarter); net loss=-18.9 US$ million (Jun-2025 quarter); cash and equivalents=15.1 US$ million (30-Jun-2025); total debt=166.9 US$ million (30-Jun-2025); product withheld from market=28000 t,PubT (MD&A),https://app.bigdata.com/documents/E141AD67611BA89326DBB88E0BE4C547
2025-08-24,PLS,FY2025,earnings,negative,FY25 statutory loss A$196M on 39% lower revenue; no final dividend,"FY25 revenue A$769M (-39%) at US$672/t SC5.3 (SC6 US$769); underlying EBITDA A$97M; underlying loss A$88M; statutory loss A$196M incl. POSCO JV losses and option write-down. Cash ~A$1.0B, liquidity A$1.6B; ~A$230M cash-flow savings; no final dividend.",revenue=769 A$M (FY2025); realised_price=672 US$/t CIF China ~SC5.3 (FY2025); realised_price_sc6_equiv=769 US$/t SC6.0 (FY2025); underlying_ebitda=97 A$M (FY2025); underlying_net_loss=88 A$M (FY2025); net_loss_after_tax=196 A$M (FY2025); cash_balance=1.0 A$B (approx.) (FY2025); total_liquidity=1.6 A$B (FY2025); sales=760.1 kt spodumene concentrate (FY2025); cash_flow_improvement=230 A$M (approx.) (FY2025),Quartr Presentation Materials,https://app.bigdata.com/documents/E5FC71487CF08AF46AF022E78A80E8DC
2025-08-28,CXO,,financing_debt;curtailment_restart,mixed,A$50 million placement plus SPP to push Finniss toward restart FID,"Core raised A$50m in a two-tranche placement at A$0.105 led by cornerstone Fourth Sail Capital, plus an up-to-A$10m SPP, to restart BP33 boxcut and decline work, order long-lead items and fund readiness; SMM cited A$0.12 and pro forma cash A$69.4m.",placement_size=50 A$ million; placement_price=0.105 A$/share (per FNN); spp_target=10 A$ million; bp33_boxcut_decline_allocation=25 A$ million; pro_forma_cash=69.4 A$ million (per SMM),Finance News Network,https://app.bigdata.com/documents/9E8AF85A62520CCA77E37228BB6F4797
2025-09-25,CXO,,offtake,positive,Ganfeng offtake terminated; all Finniss output now unencumbered,"Core ended its Ganfeng offtake with a one-off US$2m (A$3m) payment; with Yahua already settled, no offtake obligations remain and 100% of future Finniss spodumene is free for partners or spot sales. Shares rose ~5%.",termination_payment=2 US$ million; termination_payment=3 A$ million (approx.),Australian Mining Review,https://app.bigdata.com/documents/5F327B11AC51449BDD2364D8E62B3C2F
2025-09-25,LTR,FY2025 (Jun-2025 year),earnings;realised_price,negative,"FY25 results: revenue A$298m, net loss A$193m on A$81m stockpile write-down","First production year: revenue A$298m at US$673/dmt average realised price; underlying EBITDA A$55m; statutory net loss A$193m after an A$81m NRV write-down of OSP stockpiles and A$159m D&A; breakeven operating cash flow; cash A$156m, borrowings A$831m; SPP raised A$56m.",revenue=298 A$ million (FY2025); realised_price=673 US$/dmt (FY2025); underlying_ebitda=55 A$ million (FY2025); net_loss_after_tax=193 A$ million (FY2025); nrv_writedown=81 A$ million (FY2025); depreciation_amortisation=159 A$ million (FY2025); borrowings=831 A$ million (30-Jun-2025); spp_proceeds=56 A$ million,Model ML - Slides,https://app.bigdata.com/documents/3AE356E88E675332538FFE496F75A436?cnum=54
2025-09-30,LTR,,offtake;financing_debt,positive,Tesla offtake repriced to spodumene index; Ford repayment pushed to 8 October,"Tesla agreed to move offtake pricing from lithium hydroxide indices to spodumene concentrate for all future deliveries, volumes unchanged to 2029 (supply began January 2025); Ford's first loan repayment moved from 30 September to 8 October 2025 during broader contract talks.",,Model ML - Regulatory Filings,https://app.bigdata.com/documents/E1EAD26A2776063BEEF8227CEF21D186?cnum=3
2025-10-06,SGML,,curtailment_restart;production,negative,Sigma replaces mining fleet; mining briefly demobilised during contractor switch,"Sigma said it was replacing its mining equipment supplier: demobilisation began the prior week and a new supplier was to remobilise that week, with downtime and lost production kept to a minimum; larger trucks aim to lift efficiency ahead of 2026 expansion.",,Benzinga,https://app.bigdata.com/documents/437A9D2EBDC760D3858B49B2FAEFAB53
2025-10-08,LTR,,financing_debt;offtake,positive,Ford loan repayments deferred a year; Ford offtake volume halved,"Ford deferred FY26 principal and interest by 12 months (first payment 30 September 2026); post-2026 offtake halved to 256,250 dmt from 512,500 dmt, with no Ford deliveries in 2027-2028 and a take-or-pay opt-out, freeing tonnes for spot sales. Shares hit 52-week high.",ford_offtake_volume_new=256250 dmt spodumene concentrate (total); ford_offtake_volume_previous=512500 dmt spodumene concentrate (total),MT Newswires - Asia Pacific,https://app.bigdata.com/documents/CE37D765D87154E5A0D63E512231ADEE?cnum=1
2025-10-14,CXO,Sep-2025 quarter,expansion_ramp;financing_debt;curtailment_restart,positive,Finniss ore reserve lifted 42% to 15.2Mt; SPP adds A$4.3m,September-quarter update: Finniss ore reserve revised up 42% to 15.2Mt at 1.26% Li2O; A$50m placement plus A$4.3m SPP completed; cash A$35.9m; FID workstreams progressing and strong interest in the strategic funding process.,ore_reserve=15.2 Mt at 1.26% Li2O; spp_raised=4.3 A$ million; cash=35.9 A$ million (30-Sep-2025),Australian Mining Review,https://app.bigdata.com/documents/A6AF96C6CB86FBEB07C98959EC5C433F
2025-10-23,PLS,Sep-2025 quarter,production;sales_shipments;realised_price;unit_costs;curtailment_restart,positive,September-quarter price up 24% to US$742/t; unit cost falls to A$540/t,"Production 224.8kt (+2%), sales 214kt; realised US$742/t SC5.3 (SC6 US$841); revenue A$251M (+30%). FOB unit cost down 13% to A$540/t (US$353). Ngungaju to stay in care and maintenance through FY26; P2000 study due FY27.",production=224.8 kt spodumene concentrate (Sep-2025 quarter); sales=214 kt spodumene concentrate (Sep-2025 quarter); realised_price=742 US$/t CIF China ~SC5.3 (Sep-2025 quarter); realised_price_sc6_equiv=841 US$/t SC6.0 (Sep-2025 quarter); revenue=251 A$M (Sep-2025 quarter); unit_operating_cost_fob=540 A$/t FOB (Sep-2025 quarter); unit_operating_cost_fob_usd=353 US$/t FOB (Sep-2025 quarter),Quartr Reports,https://app.bigdata.com/documents/FD1C042636670AB7157D6985ED56741F
2025-10-24,SGML,,financing_debt,negative,"BofA flags liquidity strain: prepayment deals unsigned, BNDES funds undrawn","BofA downgraded Sigma, noting ~US$300M of customer prepayments remained unsigned and the BNDES loan undrawn, while Q2 cash of US$15M compared with US$44M payables and US$54M short-term borrowings; it sees Phase 2/3 slipping to 2028-29.",cash=15 US$ million (30-Jun-2025); payables=44 US$ million (30-Jun-2025); short-term borrowings=54 US$ million (30-Jun-2025),MT Newswires,https://app.bigdata.com/documents/3555B64F75EFBD8B51306616C8C3BE72
2025-10-28,LTR,Sep-2025 quarter,production;sales_shipments;realised_price;unit_costs;recoveries;expansion_ramp,negative,"September quarter: unit cost jumps to A$1,093/t; underground hits 1Mtpa rate","Output 87,172 dmt at 5.0% and sales 77,474 dmt; revenue A$68m at US$700/dmt SC6 hit by port congestion and lagged pricing; unit cost A$1,093/t, AISC A$1,354/t; recovery 59%; underground reached 1Mtpa run-rate; cash A$420m; LGES conversion price reset to A$1.62. Shares fell 11%.",production=87172 dmt spodumene concentrate (Sep-2025 quarter); sales=77474 dmt spodumene concentrate (Sep-2025 quarter); revenue=68 A$ million (Sep-2025 quarter); realised_price=700 US$/dmt SC6 (CIF) (Sep-2025 quarter); realised_price_aud=1067 A$/dmt SC6 (CIF) (Sep-2025 quarter); unit_operating_cost=1093 A$/dmt sold (FOB) (Sep-2025 quarter); aisc=1354 A$/dmt sold (FOB) (Sep-2025 quarter); lithia_recovery=59 % (Sep-2025 quarter); underground_ore_mined=225 kt (Sep-2025 quarter); cash_balance=420 A$ million (30-Sep-2025); lges_conversion_price=1.62 A$ per share,PubT,https://app.bigdata.com/documents/7C2377AFF7676FD0F420F9512ED9768D?cnum=4
2025-11-10,LAR,,expansion_ramp,positive,"PPG scoping study: 150 ktpa LCE, $1.1B Stage 1 capex, NPV8 $8.1B","Scoping study for the consolidated PPG project: ~150,000 tpa LCE in three 50 ktpa stages, 15.1 Mt LCE M&I resource, cash cost $5,027/t (AISC $5,351/t), Stage 1 capex $1.1B, total $3.3B; after-tax NPV8 $8.1B, IRR 33% at $18,000/t. Salta issued Stage 1 environmental approval.","measured and indicated resource=15.1 Mt LCE; operating cash cost=5027 US$/t (life of project); AISC=5351 US$/t (life of project); Stage 1 initial capex=1.1 US$ billion; total capex=3.3 US$ billion (life of project); after-tax NPV (8%)=8.1 US$ billion at US$18,000/t; IRR=33 % at US$18,000/t",Benzinga,https://app.bigdata.com/documents/65D9F2EDC1B8949B0544C714CDAE55B4
2025-11-10,LAR,Sep-2025 quarter,production;realised_price;unit_costs;earnings;expansion_ramp,positive,"Q3 2025: output ~8,300 t, cash cost $6,285/t, realised ~$7,522/t; spot-based realised now ~$9,200/t","Q3 production ~8,300 t; 9M 24,000 t, on track to beat low end of 30,000-35,000 t guidance. Revenue $58M at ~$7,522/t; current realised ~$9,200/t after price recovery. Cash opex $6,285/t. Stage 2 expansion raised to 45,000 tpa LCE; RIGI applications in preparation. Cash $64M.",production=8300 t lithium carbonate (approx.) (Sep-2025 quarter); production=24000 t lithium carbonate (approx.) (9M-2025); revenue=58 US$ million (100% basis) (Sep-2025 quarter); average realised price=7522 US$/t lithium carbonate (approx.) (Sep-2025 quarter); current realised price=9200 US$/t lithium carbonate (approx.) (Nov-2025); cash operating cost=6285 US$/t lithium carbonate sold (Sep-2025 quarter); Stage 2 additional capacity=45000 tpa LCE; cash and equivalents=64 US$ million (30-Sep-2025); Cauchari-Olaroz net debt=231 US$ million (100% basis) (30-Sep-2025),Benzinga,https://app.bigdata.com/documents/56B44C8AACEA34D9BC0C452663AB46F8
2025-11-11,LTR,,sales_shipments,positive,Liontown partners with Metalshub for online spodumene auctions,"Liontown will sell spot spodumene through Metalshub digital auctions through 2026 and beyond, starting with a 10,000t auction on 19 November; shares touched a 52-week high.",first_auction_volume=10000 t spodumene concentrate,MT Newswires - Asia Pacific,https://app.bigdata.com/documents/A98CB067C2D373CCFAC418C447C6F2C1?cnum=1
2025-11-12,CXO,,curtailment_restart;expansion_ramp;guidance,positive,Optimised Grants plan cuts restart pre-production capital by A$35-45m,"Revised Grants open-pit design defers underground mining there, reduces pre-production capital by A$35-45m, lifts the Grants ore reserve 33% to 1.53Mt at 1.42% Li2O and would deliver first ore within a month of mobilisation.",pre_production_capex_reduction=35-45 A$ million; grants_ore_reserve=1.53 Mt at 1.42% Li2O,National Resources Review,https://app.bigdata.com/documents/124560E87A75DACC4EA93B4EFA93BF40
2025-11-14,SGML,Sep-2025 quarter,earnings;sales_shipments;realised_price;unit_costs;recoveries;guidance;curtailment_restart,mixed,Q3 2025: revenue US$28.5M at US$626/t; mining taken in-house; 2026-27 guidance,"Sold 48,626 t at US$626/t realised (SC6 provisional US$847/t); revenue US$28.5M; 9M CIF China cost US$475/t; cash US$6.1M. Recoveries above 70% since January. Mining taken in-house, restart end-November. Guides 300,000 t (2026), 550,000 t (2027).",concentrate sold=48626 t (Sep-2025 quarter); net sales revenue=28.5 US$ million (Sep-2025 quarter); average realised price=626 US$/t (Sep-2025 quarter); average SC6 provisional price=847 US$/t (Sep-2025 quarter); cash operating cost=475 US$/t CIF China (9M-2025); cash and equivalents=6.1 US$ million (30-Sep-2025); plant recovery=70 % (exceeded since Jan-2025); production guidance=300000 t (CY2026); production guidance=550000 t (CY2027); cost guidance=440 US$/t CIF China (CY2026); AISC guidance=560 US$/t (CY2026); AISC guidance=503 US$/t (CY2027),Quartr Reports,https://app.bigdata.com/documents/8FE41CA4685C5954D3F717726CA0AF5B
2025-11-20,LTR,,sales_shipments;realised_price,positive,"First spodumene auction clears at US$1,254/dmt, well above spot","Liontown's first Metalshub auction drew bidders from nine countries and secured US$1,254 per dmt, well above prevailing spot of about US$1,075/t; shares jumped.",auction_price=1254 US$/dmt spodumene concentrate; prevailing_spot_price=1075 US$/t,MiningWeekly.com,https://app.bigdata.com/documents/57016B2C00DB97D8832CDCE1F04DA6EB?cnum=1
2025-11-25,PLS,,governance,neutral,AGM puts special resolution to rename company PLS Group Limited,"At the 2025 AGM the board put a special resolution to change the name from Pilbara Minerals Limited to PLS Group Limited, reflecting assets beyond the Pilbara (Brazil, Korea); the ASX code PLS is retained. Board succession planning also flagged.",,Quartr Transcripts,https://app.bigdata.com/documents/26BBAF9C1BB1BEAD2116D6760EAD05A4
2025-11-26,LTR,,governance;expansion_ramp,neutral,"AGM: over 360,000 dmt shipped; underground ramping to 1.5Mtpa by March","At the AGM Liontown said it had shipped over 360,000 dmt, held A$420m cash, would be fully underground by year-end with underground ore at ~1.4% Li2O, ramping to 1.5Mtpa by the March quarter toward 2.8Mtpa.",cumulative_shipments=360000 dmt (over); underground_ore_grade=1.4 % Li2O; underground_rate_target=1.5 Mtpa (Mar-2026 quarter),Quartr Transcripts,https://app.bigdata.com/documents/1BA3B5FA28D08F7F0D1FD54AE4FE4C8C?cnum=11
2025-12-09,LTR,,offtake,positive,"Binding offtake with Canmax for 150,000t a year in 2027-2028","Liontown agreed a binding two-year supply deal with Canmax (Tianhua New Energy) for 150,000t of spodumene concentrate a year in 2027 and 2028, priced off a spodumene index formula.",offtake_volume=150000 t per year spodumene concentrate (2027-2028),InfoQuanta,https://app.bigdata.com/documents/F66C3C71D728834D5DEFD28C3BCB3011?cnum=1
2025-12-22,CXO,,m_and_a,positive,Uranium projects sold to Elevate Uranium for A$5 million,"Core sold its Napperby, Entia and Fitton uranium projects and other tenements to Elevate Uranium for A$5m (A$2.5m cash plus 8.9m Elevate shares) and a 1% royalty on Napperby, sharpening focus on the Finniss restart; shares hit a 52-week high.",consideration=5 A$ million (cash and shares); cash_consideration=2.5 A$ million; elevate_shares=8.9 million shares; napperby_royalty=1 % NSR,MT Newswires - Asia Pacific,https://app.bigdata.com/documents/2F37B9A7F0DB615652622C4910E9A8B9
2025-12-22,LTR,,expansion_ramp,positive,Open-pit mining ends; Kathleen Valley becomes fully underground,"The final truckload left the Kathleen's Corner pit after three years of open-pit mining, completing Liontown's transition to a fully underground lithium operation; shares rose over 4%.",,MT Newswires - Asia Pacific,https://app.bigdata.com/documents/595972F8F2FD32FBF527F5A42BF5823F?cnum=1
2026-01-06,LAR,CY-2025,production;unit_costs;expansion_ramp;governance;financing_debt,positive,"2025 output ~34,100 t at top of guidance; record Q4 at 97% capacity","Preliminary 2025 production ~34,100 t lithium carbonate (guidance 30,000-35,000 t); Q4 ~9,700 t at 97% of nameplate; Q4 cash cost expected under $6,000/t vs $6,285/t in Q3. Stage 2 (45,000 tpa) environmental and RIGI applications filed in December. Alec Meikle promoted to President.",production=34100 t lithium carbonate (approx.) (CY-2025); production=9700 t lithium carbonate (approx.) (Dec-2025 quarter); capacity utilisation=97 % of nameplate (Dec-2025 quarter); cash operating cost=6000 US$/t (expected below) (Dec-2025 quarter); Cauchari-Olaroz net debt reduction=26 US$ million (Dec-2025 quarter); Stage 2 additional capacity=45000 tpa lithium carbonate,Benzinga,https://app.bigdata.com/documents/F7F86FCD1B8B5255646050DC1717F1B4
2026-01-15,SGML,,curtailment_restart;governance,negative,Labor Ministry shuts three waste piles at idle Grota do Cirilo mine,"Reuters: Brazil's Labor Ministry closed three waste piles citing grave and imminent risk (order 5 Dec, appeal rejected 13 Jan); the mine had been inactive since October despite a November target to restart within weeks. A BofA downgrade the prior week cut shares 15%.",waste piles closed=3 piles,US News & World Report (Reuters),https://app.bigdata.com/documents/A2F05B8C10C61EF54E7CBF8DEDC64F50
2026-01-22,CXO,Dec-2025 quarter,curtailment_restart;expansion_ramp;guidance,positive,"December quarter: reserves 15.6Mt, cash A$48.7m, FID work advancing","Quarterly update: Finniss ore reserves raised to 15.6Mt at 1.27% Li2O on the updated mine plan; Grants to deliver first ore within a month of operations, cutting pre-production capital A$35-45m; funding talks advancing; cash A$48.7m.",ore_reserve=15.6 Mt at 1.27% Li2O; pre_production_capex_reduction=35-45 A$ million; cash=48.7 A$ million (31-Dec-2025),MT Newswires - Asia Pacific,https://app.bigdata.com/documents/19CF43F7A9CD928821C1E257594FA3E8
2026-01-23,SGML,,sales_shipments;curtailment_restart,neutral,"Sigma sells 100,000 t of lithium fines; says remobilisation on track","Sigma sold a further 100,000 t of high-purity lithium fines from Vitoria storage at SMM-linked prices equal to a net US$140/t for 1% Li2O, said mine remobilisation would finish in January, and rejected reports of an operational injunction.",lithium fines sold=100000 t (~1% Li2O); fines net price=140 US$/t for 1% Li2O content,Yahoo! Finance,https://app.bigdata.com/documents/B8B87663245EE66E72D910A85733423A
2026-01-28,LTR,,financing_debt;governance,positive,LG Energy Solution converts US$250m notes into ~8% Liontown stake,"LGES elected to convert its full US$250m convertible note plus accrued interest into about 239.5m shares at the adjusted A$1.62 price (~8% of capital), removing the notes and their interest; remaining debt is the A$300m Ford facility and A$15m WA loan.",converted_notes=250 US$ million; conversion_price=1.62 A$ per share; shares_issued=239460858 ordinary shares; lges_stake=8 % of issued capital (approx.); cash_at_bank=390 A$ million (31-Dec-2025),Finance News Network,https://app.bigdata.com/documents/A3B3AFB056013310F5E959CEF3DA66F0?cnum=1
2026-01-29,LTR,Dec-2025 quarter,production;sales_shipments;realised_price;unit_costs;offtake,positive,December quarter: revenue up 91% to A$130m; unit cost down 17% to A$910/t,"Fully underground after open-pit completion; output 105,342 dmt at 5.1%, sales 112,122 dmt, revenue A$130m at US$900/dmt SC6 (lagged contract pricing); unit cost A$910/dmt, AISC A$1,059/dmt; operating cash flow about breakeven; cash A$390m; underground ore 308kt.",production=105342 dmt spodumene concentrate (Dec-2025 quarter); sales=112122 dmt spodumene concentrate (Dec-2025 quarter); revenue=130 A$ million (Dec-2025 quarter); realised_price=900 US$/dmt SC6 equivalent (Dec-2025 quarter); unit_operating_cost=910 A$/dmt sold (FOB) (Dec-2025 quarter); aisc=1059 A$/dmt sold (FOB) (Dec-2025 quarter); operating_cash_flow=-0.4 A$ million (Dec-2025 quarter); cash_balance=390 A$ million (31-Dec-2025); underground_ore_mined=308 kt (Dec-2025 quarter),PubT,https://app.bigdata.com/documents/D3239B0E232F9E13F3849F5AF13D9E0F?cnum=2
2026-01-29,PLS,Dec-2025 quarter,production;sales_shipments;realised_price;unit_costs;guidance;curtailment_restart,positive,"December-quarter price up 50%, revenue A$373M; Ngungaju restart under review","Production 208kt, sales 232kt (+8%); realised price up 50% q/q; revenue A$373M (+49%); FOB unit cost A$585/t (+8%); cash margin A$166M; cash A$954M. FY26 guidance (820-870kt; capex A$300-330M) reaffirmed; Ngungaju restart decision flagged for next quarter.",production=208000 t spodumene concentrate (Dec-2025 quarter); sales=232000 t spodumene concentrate (Dec-2025 quarter); revenue=373 A$M (Dec-2025 quarter); unit_operating_cost_fob=585 A$/t FOB (Dec-2025 quarter); cash_margin_from_operations=166 A$M (Dec-2025 quarter); cash_balance=954 A$M (Dec-2025 quarter); production_guidance_low=820000 t (FY2026); production_guidance_high=870000 t (FY2026); capex_guidance_low=300 A$M (FY2026); capex_guidance_high=330 A$M (FY2026),MT Newswires - Asia Pacific,https://app.bigdata.com/documents/B9D3D934E7B5EEB07DDE83EFAEB0764D
2026-02-02,SGML,,curtailment_restart,positive,Mining resumes at Grota do Cirilo Mine 1 with over 600 workers,Sigma announced the resumption of mining at Mine 1 with more than 600 people on site; Brazil's mining regulator separately said the disputed waste piles posed no imminent risk.,workers on site=600 people (over),Yahoo! Finance,https://app.bigdata.com/documents/2F8064766E57A7131B1A90C46354E07B
2026-02-10,PLS,,offtake;financing_debt,positive,"Two-year Canmax offtake with US$1,000/t SC6 floor and US$100M prepayment","PLS agreed to supply Canmax Technologies 150ktpa of spodumene concentrate for two years from 2026 (extendable 12 months), priced at market with a US$1,000/t SC6 floor and no ceiling, conditional on a US$100M unsecured interest-free prepayment.",offtake_volume=150000 tpa spodumene concentrate; floor_price=1000 US$/t SC6; prepayment=100 US$M,MiningWeekly.com,https://app.bigdata.com/documents/A6498935B04D1F313CC4EC904474498E
2026-02-13,SGML,CY2026,offtake;financing_debt;sales_shipments,positive,"US$96M production-backed revolver starts; 150,000 t fines sold at US$140/t","Restarted production triggered prepayments under a US$96M revolver for 70,500 t of high-grade concentrate in 2026 (US$8M monthly, SOFR+1%, spot-index pricing; first draw 13 Jan). Sigma also sold 150,000 t of 1% Li2O fines at US$140/t, with a 350,000 t option.",prepayment revolver=96 US$ million; concentrate committed=70500 t high-grade concentrate (CY2026); monthly prepayment installment=8 US$ million; lithium fines sold=150000 t (1% Li2O); fines net price=140 US$/t; fines option volume=350000 t,Newsfile,https://app.bigdata.com/documents/E9BC917D7FA16ED08D9652F4FF83A483
2026-02-18,PLS,Dec-2025 half-year,earnings;sales_shipments;unit_costs;realised_price,positive,Half-year swing to A$33M profit on 47% revenue rise; no interim dividend,H1 FY26 revenue A$624M (+47%) on ~40% higher realised prices; sales 446kt (+7%); FOB unit cost A$563/t; underlying EBITDA A$253M (41% margin); NPAT A$33M vs A$69M loss. Cash A$954M. No interim dividend; final dividend to be considered.,revenue=624 A$M (Dec-2025 half-year); sales=446000 t spodumene concentrate (Dec-2025 half-year); unit_operating_cost_fob=563 A$/t FOB (Dec-2025 half-year); underlying_ebitda=253 A$M (Dec-2025 half-year); net_profit_after_tax=33 A$M (Dec-2025 half-year); cash_balance=954 A$M (Dec-2025 half-year),Quartr Transcripts,https://app.bigdata.com/documents/D1C7EE2759FC6AB01122AB32B6D81285
2026-02-18,PLS,,curtailment_restart;expansion_ramp;guidance,positive,"Board approves Ngungaju plant restart from July 2026, ~200ktpa capacity","PLS approved restarting the Ngungaju plant (care and maintenance since late 2024) from July 2026, returning ~200ktpa, with restart capital inside FY26 guidance; preparation costs may push FY26 unit costs to the upper half of A$560-600/t. P2000 study due December quarter 2026.",restart_capacity=200 ktpa (approx.); unit_cost_guidance_low=560 A$/t (FY2026); unit_cost_guidance_high=600 A$/t (FY2026),Quartr Transcripts,https://app.bigdata.com/documents/D1C7EE2759FC6AB01122AB32B6D81285
2026-02-25,CXO,,sales_shipments;realised_price,positive,"Remaining 5,100 dmt concentrate stockpile sold to Glencore at ~US$2,023/t SC6","Core agreed to sell its remaining ~5,100 dmt spodumene concentrate stockpile to Glencore at a fixed SC6-equivalent CIF price of about US$2,023/t, over 50% above its May 2025 study price, paid in the June quarter; ~75,000 dmt fines retained.",sale_volume=5100 dmt spodumene concentrate; realised_price=2023 US$/t SC6-equivalent CIF (fixed); fines_inventory=75000 dmt (approx.),HotCopper,https://app.bigdata.com/documents/434EF287ED041AF0210E4560248E3745
2026-02-25,LTR,,governance,negative,LG Energy Solution sells entire 7.5% Liontown stake in A$419m block trade,"LGES offered all 239.5m Liontown shares via a Citigroup block at A$1.75-1.79 (floor underwritten), at least A$419m and a ~10-12% discount, exiting the register weeks after conversion; its offtake agreement stays in place. Shares fell ~8.6%.",shares_sold=239.5 million shares; block_price_low=1.75 A$ per share; block_price_high=1.79 A$ per share; block_value=419 A$ million (at least); stake_sold=7.5 % of issued capital,Channel NewsAsia,https://app.bigdata.com/documents/6F6890B365FE48C0C3566123E4CB9919?cnum=1
2026-02-26,SGML,,governance,negative,"Blue Orca discloses short, alleging undisclosed litigation and mine safety risks","Short seller Blue Orca said Brazilian court records show undisclosed prosecutor actions, creditor lawsuits and a technical report questioning mine safety and viability. Shares fell about 13% intraday.",,The Fly,https://app.bigdata.com/documents/0EDAB49D9D9F8E0C825EDE86D858FBE9
2026-03-11,LAR,,expansion_ramp,positive,"Updated Cauchari-Olaroz resource estimate: M&I up 42% to ~28 Mt LCE, supporting Stage 2","Lithium Argentina published an updated mineral resource and reserve estimate for Cauchari-Olaroz; the measured and indicated resource rose 42% to 28.1 Mt LCE at an average 562 mg/L lithium, which the company says supports the Stage 2 plan.",measured and indicated resource=28.1 Mt LCE (Mar-2026 estimate); M&I resource increase=42 % (Mar-2026 estimate); average grade=562 mg/L lithium (Mar-2026 estimate),Benzinga,https://app.bigdata.com/documents/A15106261D07B033898D6E17E9DFAC72
2026-03-12,LTR,Dec-2025 half (H1 FY2026),earnings;realised_price;unit_costs;production,mixed,H1 FY26: revenue doubles to A$207.5m; A$184m statutory loss on LGES derivative,"Half-year output 192,514 dmt at 5.0% and sales 189,596 dmt; revenue A$207.5m at US$888/dmt SC6; unit cost A$985/dmt, AISC A$1,179/dmt; underlying EBITDA -A$7.7m; statutory loss A$184.0m incl. A$104.4m non-cash note derivative; cash A$390.5m; 4Mtpa expansion study refreshed.",production=192514 dmt spodumene concentrate (H1 FY2026); sales=189596 dmt spodumene concentrate (H1 FY2026); revenue=207.5 A$ million (H1 FY2026); realised_price=888 US$/dmt SC6 (H1 FY2026); unit_operating_cost=985 A$/dmt sold (FOB) (H1 FY2026); aisc=1179 A$/dmt sold (FOB) (H1 FY2026); underlying_ebitda=-7.7 A$ million (H1 FY2026); statutory_net_loss=184.0 A$ million (H1 FY2026); derivative_charge=104.4 A$ million (non-cash) (H1 FY2026); underlying_net_loss=88.7 A$ million (H1 FY2026); cash_balance=390.5 A$ million (31-Dec-2025),PubT,https://app.bigdata.com/documents/D6666590A6EC3CBA3FF4AF9E12F5AA97?cnum=3
2026-03-18,CXO,,curtailment_restart;financing_debt;offtake;guidance,positive,Finniss restart FID approved with ~A$300m funding package incl. Glencore,"Board approved restart FID: US$120m (A$170m) from Glencore, InfraVia (US$70m convertible notes) and Nebari (US$50m loan) plus a A$120m equity raise; Glencore marketing deal; NPV A$1.1bn at US$1,500/t; restart capital ~A$208m; first concentrate Sept quarter 2026.",strategic_funding=120 US$ million; strategic_funding=170 A$ million; convertible_notes=70 US$ million; senior_secured_loan=50 US$ million; equity_raise=120 A$ million; pre_tax_npv=1.1 A$ billion; free_cash_flow=1.7 A$ billion (life of mine); long_term_price_assumption=1500 US$/t spodumene concentrate; restart_capital=208 A$ million (approx.); nameplate_production=214 ktpa,MT Newswires - Asia Pacific,https://app.bigdata.com/documents/8C2B3A377D71CDD47712EF020518D657
2026-03-19,CXO,,financing_debt,mixed,A$120 million two-tranche placement at A$0.21 completes restart funding,"Core completed a A$120m institutional placement at A$0.21 per share: an unconditional A$53m first tranche and a A$67m second tranche subject to shareholder approval, completing the fully funded Finniss restart package.",placement_size=120 A$ million; placement_price=0.21 A$/share; tranche_1=53 A$ million; tranche_2=67 A$ million,Finance News Network,https://app.bigdata.com/documents/A4491C09A6AB91EEEC90B2B35E4AF91D
2026-03-20,SGML,Mar-2026 quarter,sales_shipments;realised_price,positive,"High-grade sales resume; Q1 revenue seen near 28,000 t at US$1,712/t","Sigma resumed high-grade concentrate sales in Q1 2026 and expects Q1 revenue equivalent to ~28,000 t at a grade-adjusted ~US$1,712/t. It sold 400,000 t of fines ex-works at US$50/t (~US$20M profit), leaving ~300,000 t in inventory.",expected revenue-equivalent volume=28000 t high-grade concentrate (Mar-2026 quarter); grade-adjusted price=1712 US$/t (approx.) (Mar-2026 quarter); lithium fines sold ex-works=400000 t; fines price ex-works=50 US$/t; expected profit on fines sale=20 US$ million,Yahoo! Finance,https://app.bigdata.com/documents/AB8BCBF8FF8D3E7FC46B70AADB386167
2026-03-23,LAR,FY-2025 / Dec-2025 quarter,earnings;guidance;realised_price;unit_costs;financing_debt,positive,"FY2025 results: 2026 guidance 35,000-40,000 t; Q4 realised ~$9,049/t; $85M cash distributed","2026 production guidance 35,000-40,000 t. Q4 2025 revenue $92M at ~$9,049/t realised; Q4 net income $31.2M; FY2025 net loss $76.8M ($0.47/share). Cauchari distributed $85M ($42M to LAR); $130M six-year facility closed. Q4 cash cost ~$5,600/t; sustaining capex $15-20M; EBITDA ~$460M at $20,000/t.","production guidance low=35000 t lithium carbonate (CY-2026); production guidance high=40000 t lithium carbonate (CY-2026); revenue=92 US$ million (100% basis) (Dec-2025 quarter); average realised price=9049 US$/t lithium carbonate (approx.) (Dec-2025 quarter); net income=31.2 US$ million (Dec-2025 quarter); net loss=76.8 US$ million (FY-2025); EPS=-0.47 US$/share (FY-2025); cash distributed by Cauchari-Olaroz=85 US$ million (42 to LAR) (Q1-2026); corporate debt facility=130 US$ million (6-year) (Mar-2026); cash operating cost=5600 US$/t (approx.) (Dec-2025 quarter); sustaining capex guidance low=15 US$ million (CY-2026); sustaining capex guidance high=20 US$ million (CY-2026); 2026 adjusted EBITDA outlook at US$20,000/t=460 US$ million (approx., 100% basis) (CY-2026)",Benzinga,https://app.bigdata.com/documents/9159EABF41427C6C14D474440FD7B9CB
2026-03-30,SGML,FY2025,earnings;production;guidance;unit_costs,mixed,"FY2025 results: revenue US$110M, net loss US$50.2M; 240,000 t guidance","FY2025 net sales US$110.0M, net loss US$50.2M; high-grade output 183,000 t vs 240,000 t in 2024 after the mining restructuring (mine idle Oct-Jan). Q4 operating cash flow US$31M; year-end cash US$6.2M. Guides 240,000 t over 12 months at US$592/t AISC.",net sales revenue=110.0 US$ million (FY2025); net loss=-50.2 US$ million (FY2025); high-grade concentrate produced=183000 t (FY2025); cash from operations=31 US$ million (Dec-2025 quarter); operating cash margin=47 % (Dec-2025 quarter); net sales revenue (4Q25 + 1Q26 combined)=67 US$ million (approx.); lithium fines sold (4Q25 + 1Q26)=650000 t (approx.); high-grade concentrate sold (4Q25 + 1Q26)=5000 t (approx.); cash and equivalents=6.2 US$ million (31-Dec-2025); production guidance=240000 t (next 12 months); AISC guidance=592 US$/t (next 12 months),Yahoo! Finance,https://app.bigdata.com/documents/0675C1E2670F4BDA687DF0238CCFDB11
2026-03-30,SGML,,offtake;financing_debt,positive,"Second offtake: US$50M prepayment for 40,000 t/yr over three years","Sigma disclosed a new US$50M prepaid offtake for 40,000 t a year of high-grade concentrate over three years from 2026, taking signed offtakes to US$146M with the US$96M/70,500 t deal. Total debt US$141M, including a US$100M loan to be repaid from offtake proceeds.",offtake prepayment=50 US$ million; offtake volume=40000 t/yr for 3 years; total offtake prepayments signed=146 US$ million; total debt=141 US$ million (31-Dec-2025),Yahoo! Finance,https://app.bigdata.com/documents/0675C1E2670F4BDA687DF0238CCFDB11
2026-04-06,CXO,,curtailment_restart;guidance,positive,NRW awarded ~A$50m Grants open-pit contract; mining to restart in May,"Core awarded NRW a ~A$50m surface mining contract at Grants, with mobilisation immediate and ore production from May; the pit holds ~784kt of ore for ~134kt of SC5 product. BP33 box cut works also began. Shares rose ~11-12%.",contract_value=50 A$ million (approx.); grants_ore=784 kt; grants_product=134 kt SC5 spodumene concentrate (approx.),MT Newswires - Asia Pacific,https://app.bigdata.com/documents/36A50E9A04E52EDE9F1FF6A187C0C1EF
2026-04-10,CXO,,financing_debt,neutral,First tranche of convertible note funding received,"Core received about A$26 million from tranche one of the convertible notes in its strategic funding package, to fund early works, site preparation, contractor mobilisation and initial restart capital at Finniss.",convertible_note_tranche_1=26 A$ million,MT Newswires - Asia Pacific,https://app.bigdata.com/documents/C15C3A78FBD919A3059A97B0F36C5574
2026-04-13,PLS,,financing_debt,neutral,Debut senior notes offering launched; Fitch assigns BB rating,PLS launched up to US$500M of senior unsecured notes due 2031 to refinance existing facilities and for general purposes; Fitch assigned a first-time BB issuer rating (stable) and rated the notes BB.,notes_offering_initial=500 US$M,MT Newswires - Asia Pacific,https://app.bigdata.com/documents/6D4CF1316BC776635AEA2AB3E01AF6A2
2026-04-15,PLS,,financing_debt,neutral,Upsized US$600M 6.875% 2031 notes priced; RCF cut to A$500M,"PLS priced US$600M of 6.875% senior notes due 2031 (upsized from US$500M), settling 22 April; proceeds repay the A$375M drawn on its RCF, which is reduced from A$1B to A$500M, with the balance for general corporate purposes.",notes_size=600 US$M; coupon=6.875 % p.a.; rcf_drawn_repaid=375 A$M; rcf_size_after=500 A$M,MT Newswires - Asia Pacific,https://app.bigdata.com/documents/C9B5AAADCD14D824B08C611E96833CD9
2026-04-23,PLS,,m_and_a,neutral,POSCO JV option to lift stake to 30% extended to July 2027,PLS and POSCO amended their shareholders deed so PLS can exercise its at-cost option to raise its stake in the Gwangyang lithium hydroxide JV from 18% to 30% until 31 July 2027; the JV restarted using lower-cost spodumene inventory.,current_stake=18 %; option_stake=30 %,Quartr Reports,https://app.bigdata.com/documents/1FBD3ED3D526D378C2991D4187FDBB22
2026-04-23,PLS,Mar-2026 quarter,production;sales_shipments;realised_price;unit_costs,positive,"Record March-quarter output 232kt; price up 61% to US$1,867/t","Record production 232.4kt, sales 195.7kt; realised US$1,867/t SC5.2 (+61%); revenue A$567M (+52%). FOB unit cost down 11% to A$520/t; CIF A$733/t. Cash margin A$461M; cash ~A$1.45B. Ngungaju restart on track for July; FY26 guidance reaffirmed.",production=232.4 kt spodumene concentrate (Mar-2026 quarter); sales=195.7 kt spodumene concentrate (Mar-2026 quarter); realised_price=1867 US$/t SC5.2 (Mar-2026 quarter); revenue=567 A$M (Mar-2026 quarter); unit_operating_cost_fob=520 A$/t FOB (Mar-2026 quarter); unit_operating_cost_fob_usd=362 US$/t FOB (Mar-2026 quarter); unit_operating_cost_cif=733 A$/t CIF (Mar-2026 quarter); cash_margin_from_operations=461 A$M (Mar-2026 quarter); cash_balance=1.45 A$B (Mar-2026 quarter),MT Newswires - Asia Pacific,https://app.bigdata.com/documents/4BA749B390C421A025BF1370EE90D01E
2026-04-23,PLS,,m_and_a;expansion_ramp;offtake,neutral,PLS takes full ownership of mid-stream plant; commissioning starts with ARENA grant,"PLS acquired Calix's stake in the Pilgangoora mid-stream demonstration plant, secured up to A$38.1M of ARENA funding and a lithium phosphate offtake with Ningbo Ronbay, and began commissioning; first product expected in the September 2026 quarter.",arena_grant=38.1 A$M (up to),MT Newswires - Asia Pacific,https://app.bigdata.com/documents/4BA749B390C421A025BF1370EE90D01E
2026-04-29,LTR,,expansion_ramp;guidance,positive,Early works and long-lead orders begin for Kathleen Valley expansion ahead of FID,"Liontown started early works for a staged Kathleen Valley expansion: a ~A$12m 5.5MW ball mill, Northwest Flats underground development and a permanent mine services area; A$15-18m spend in FY26 and up to A$77m before an FID targeted for end-Q1 FY27.",ball_mill_commitment=12 A$ million; early_works_fy26_low=15 A$ million (FY2026); early_works_fy26_high=18 A$ million (FY2026); pre_fid_spend_cap=77 A$ million (up to),Alliance News,https://app.bigdata.com/documents/6F05B886478C3CB38405620D640DACB6?cnum=1
2026-04-30,LTR,Mar-2026 quarter,realised_price;unit_costs;recoveries;expansion_ramp;earnings,positive,"March quarter: realised price up 87% to A$1,845/t; underground hits 1.5Mtpa early","Realised price A$1,845/dmt SC6e (+87% QoQ) lifted revenue 51% to A$197m and net cash flow to +A$33m; cash A$424m. Unit cost A$981/dmt, AISC A$1,251/dmt; ~96kt concentrate; recovery 61%, with 70% shown on clean underground ore in April; 1.5Mtpa underground rate reached early.",realised_price=1845 A$/dmt SC6e (Mar-2026 quarter); revenue=197 A$ million (Mar-2026 quarter); net_cash_flow=33 A$ million (Mar-2026 quarter); cash_balance=424 A$ million (31-Mar-2026); unit_operating_cost=981 A$/dmt sold (FOB) (Mar-2026 quarter); aisc=1251 A$/dmt sold (FOB) (Mar-2026 quarter); production=96000 t concentrate (approx.) (Mar-2026 quarter); lithia_recovery=61 % (Mar-2026 quarter); underground_ore_mined=402 kt (Mar-2026 quarter),PubT,https://app.bigdata.com/documents/101385AEFCB6E13CCEFCC1B3FE1B79A0?cnum=5
2026-05-08,CXO,,financing_debt,neutral,Second placement tranche of A$67m completed after shareholder approval,"Core issued about 320 million shares to raise ~A$67m in the second placement tranche, taking net new funding to ~A$157m; shareholders also approved the deferred ~A$44m second tranche of convertible notes, pending FIRB approval. Shares fell 3%.",tranche_2=67 A$ million (approx.); shares_issued=320 million shares (approx.); net_new_funding=157 A$ million (approx.),MT Newswires - Asia Pacific,https://app.bigdata.com/documents/77480C2B821C33037DC6CB58BFD24ACA
2026-05-12,CXO,,expansion_ramp;curtailment_restart,mixed,A$274 million BP33 underground mining contract awarded to Develop,"Core awarded Develop Global a three-year (plus two-year option) underground contract worth about A$274m for BP33 development and production, with mobilisation in June and mining from July; BP33 first ore targeted mid-2027. Shares fell about 8%.",contract_value=274 A$ million,MT Newswires - Asia Pacific,https://app.bigdata.com/documents/D8700217C1B6C0A0801FD8CA7BCFC507
2026-05-12,LAR,Mar-2026 quarter,production;realised_price;unit_costs;earnings;financing_debt,positive,"Q1 2026: ~9,700 t at ~97% capacity; realised ~$16,818/t; cash cost $5,391/t","Q1 2026 production ~9,700 t at ~97% of nameplate; revenue $168.3M at ~$16,818/t realised with minimal quality discount; cash opex $5,391/t vs long-term target ~$5,400/t. About $100M distributed by the operation since January. 35,000-40,000 t guidance reiterated; ASX secondary listing under consideration.","production=9700 t lithium carbonate (approx.) (Mar-2026 quarter); revenue=168.3 US$ million (100% basis) (Mar-2026 quarter); average realised price=16818 US$/t lithium carbonate (approx.) (Mar-2026 quarter); cash operating cost=5391 US$/t lithium carbonate sold (Mar-2026 quarter); cost of sales=65.2 US$ million (Mar-2026 quarter); cash distributions YTD=100 US$ million (approx., 100% basis) (to May-2026)",PubT,https://app.bigdata.com/documents/070EC56625344886825723C3E2B472E1
2026-05-14,LAR,,expansion_ramp,positive,Cauchari-Olaroz Stage 2 expansion approved under Argentina's RIGI regime,"Stage 2 (45,000 tpa LCE) received RIGI approval, giving long-term fiscal stability, duty-free capital imports, export-duty exemption after three years and freer FX access for debt service and distributions. Definitive Stage 2 plan due mid-2026; PPG RIGI application submitted early 2026.",Stage 2 additional capacity=45000 tpa LCE,Benzinga,https://app.bigdata.com/documents/5F1DB625BCBF841B7A2F5796F996460F
2026-05-15,SGML,Mar-2026 quarter,earnings;sales_shipments;realised_price;guidance;unit_costs;financing_debt,positive,"Q1 2026: revenue US$42M, realised US$1,790/t (SC5); AISC guide US$710/t","Sold 23,000 t concentrate-equivalent for US$42M at US$1,790/t (SC5 basis); 61% gross, 26% net margin. Cash US$28M (15 May). New cost guidance: CIF China US$624/t, AISC US$710/t for 240,000 t. BNDES guarantee obtained; loan undrawn.",revenue=42 US$ million (Mar-2026 quarter); concentrate-equivalent sold=23000 t (Mar-2026 quarter); realised price=1790 US$/t (SC5 basis) (Mar-2026 quarter); gross margin=61 % (Mar-2026 quarter); net margin=26 % (Mar-2026 quarter); cash=28 US$ million (15-May-2026); cost guidance=624 US$/t CIF China (next 12 months (Phase 1)); AISC guidance=710 US$/t (next 12 months (Phase 1)); production guidance=240000 t (annualised),Market Screener,https://app.bigdata.com/documents/DE6EC515E9E689438EB4149C66B0F795
2026-05-18,SGML,,governance,negative,Local judge orders damages collateral over mine impacts; Sigma appeals,"A local court in Aracuai ruled on 17 May, with potential collateral of US$10M (reported as a R$50M deposit) over dust, tremors and noise claims; Sigma said nothing is payable before final judgment and is appealing. Shares fell 12.25% on 18 May.",potential legal collateral=10 US$ million; court deposit ordered (reported)=50 R$ million,Newsfile,https://app.bigdata.com/documents/A0DF5FF8B521346B6A331E110F5BCD11
2026-05-20,CXO,,curtailment_restart;production,positive,Mining restarts at Grants open pit,"Blasting and excavation resumed at the Grants open pit under the NRW contract, marking the physical restart of Finniss; ore processing expected in the September quarter and first concentrate shipment in the December quarter.",,International Mining,https://app.bigdata.com/documents/B707ED8944776FB44AF261052738C76A
2026-06-09,SGML,,governance,positive,State appeals court overturns local ruling and US$10M collateral risk,"A Minas Gerais Court of Justice judge overturned the lower-court decision that carried potential US$10M collateral, instead requiring Sigma to fund an independent study of operational impacts on Aracuai and Itinga residents.",collateral requirement removed=10 US$ million,The Fly,https://app.bigdata.com/documents/A32E489509D30216FE9C5FE20827BA06
2026-06-10,CXO,,sales_shipments;realised_price,mixed,"Second lithium fines sale to Glencore: 25,000t at ~US$270/t CIF","Core agreed to sell another 25,000t of DSO lithium fines to Glencore at ~US$270/t CIF for June shipment, after an April 20,000t fines sale at ~US$290/t; 2026 stockpile sales total ~A$28.5m. Shares closed 5.9% lower.","sale_volume=25000 t lithium DSO fines; realised_price=270 US$/t CIF (indicative base); prior_fines_sale=20000 t lithium fines (April 2026); prior_fines_price=290 US$/t (approx.); stockpile_sales_revenue=28.5 A$ million (2026 to date, approx.)",TheBull.com.au,https://app.bigdata.com/documents/841B8EE469609C42178F7622FAE993D4
2026-06-11,CXO,,governance;m_and_a,neutral,Chair Greg English to retire; exploration assets to be spun out as Axiant,"Core plans to spin out Northern Territory and South Australian exploration assets into a new gold explorer, Axiant Resources, via IPO; chair Greg English retires on 30 June to chair Axiant, with director Malcolm McComas becoming chair.",,Market Screener,https://app.bigdata.com/documents/AA5E7D46690185E3D08923DB26639029
2026-06-22,CXO,,expansion_ramp;sales_shipments,positive,BP33 decline development starts; first stockpile shipment leaves Darwin,"The BP33 portal cut was completed and underground decline development began; Core's first shipment since restart, 20,000t of lithium fines and 5,000t of spodumene concentrate, departed Darwin. BP33 first ore targeted mid-2027, nameplate mid-2028.",fines_shipped=20000 t lithium fines; concentrate_shipped=5000 t spodumene concentrate,Alliance News,https://app.bigdata.com/documents/3BE1D508DCD536A2A327545B26548572
2026-07-09,SGML,Jun-2026 quarter,production;recoveries;guidance;unit_costs,positive,"Q2 2026 output of 35,000 t beats guidance; 70% plant recovery","Sigma produced 35,000 t of concentrate in Q2 2026, above guidance, after its mining fleet reached full run-rate; plant recovery 70% with ~20% yield. Guidance: 240,000 t over 12 months at CIF China US$624/t; prices quoted as SC6 adjusted to its ~5% Li2O average.",concentrate produced=35000 t (Jun-2026 quarter); plant lithium recovery=70 % (Jun-2026 quarter); plant mass yield=20 % (approx.) (Jun-2026 quarter); average concentrate grade=5 % Li2O; production guidance=240000 t (next 12 months); cost guidance=624 US$/t CIF China (next 12 months),Edgar SEC Filings (6-K),https://app.bigdata.com/documents/8573D4DA187CB1556AE1AF64BBF2660D
2026-07-15,CXO,Jun-2026 quarter,curtailment_restart;financing_debt;guidance,positive,"June quarter: restart in execution, cash A$182m, ~A$320m liquidity","June-quarter call: funding secured, all major contracts awarded, Grants mining and BP33 development under way; cash A$182m and about A$320m of available funding; plant recommissioning in September quarter and first new-concentrate shipment in the December quarter.",cash=182 A$ million (30-Jun-2026); available_funding=320 A$ million (approx.) (30-Jun-2026),Quartr Transcripts,https://app.bigdata.com/documents/6F763672CA8575C71ECEBD2006E0B158
2026-07-22,SGML,,curtailment_restart;governance,negative,Environmental notice partially halts operations; Feam bans mining pending TAC,"Sigma disclosed a SUPRAM environmental notice and began TAC talks with Minas Gerais, agreeing fines up to US$540,000. Argus reported Feam barred mining at Grota do Cirilo on 23 July citing illegal clearing and unauthorised groundwater use.",environmental fines (up to)=540000 US$,Yahoo! Finance,https://app.bigdata.com/documents/6CD8C1125D1EACAD13AC91920929C895
2026-07-29,LTR,Jun-2026 quarter,production;sales_shipments;realised_price;unit_costs;recoveries;earnings,positive,"June quarter: US$1,880/dmt realised, revenue A$235m, cash builds to A$561m","Output 103,111 dmt and sales 108,489 dmt at 5.0%; realised US$1,880/dmt SC6e; revenue A$235m; operating cash flow A$180m, net cash flow A$137m, cash A$561m; unit cost A$995/dmt (diesel costs up), AISC A$1,314/dmt; recovery 63%; record 3,316m underground development. Shares fell 6.7%.",production=103111 dmt spodumene concentrate (Jun-2026 quarter); sales=108489 dmt spodumene concentrate (Jun-2026 quarter); realised_price=1880 US$/dmt SC6e (Jun-2026 quarter); revenue=235 A$ million (Jun-2026 quarter); operating_cash_flow=180 A$ million (Jun-2026 quarter); net_cash_flow=137 A$ million (Jun-2026 quarter); cash_balance=561 A$ million (30-Jun-2026); unit_operating_cost=995 A$/dmt sold (FOB) (Jun-2026 quarter); aisc=1314 A$/dmt sold (FOB) (Jun-2026 quarter); lithia_recovery=63 % (Jun-2026 quarter); underground_ore_mined=356 kt (Jun-2026 quarter); underground_development=3316 m (Jun-2026 quarter),Model ML - Regulatory Filings,https://app.bigdata.com/documents/3249E0C9F7D15A682E4F7C589CF6BEBE?cnum=7
2026-07-29,LTR,FY2027 (Jun-2027 year),guidance;unit_costs;expansion_ramp,mixed,"FY27 guidance: 390-440kdmt SC6, unit cost A$1,050-1,250/t, capex A$320-370m","Liontown guided FY27 output of 390-440k dmt SC6, unit operating cost A$1,050-1,250/dmt (up from A$987/t in FY26 on more mining and Northwest Flats) and capex A$320-370m excluding expansion capital; expansion FID expected in September 2026.",production_guidance_low=390 kdmt SC6 (FY2027); production_guidance_high=440 kdmt SC6 (FY2027); unit_cost_guidance_low=1050 A$/SC6 dmt sold (FOB) (FY2027); unit_cost_guidance_high=1250 A$/SC6 dmt sold (FOB) (FY2027); capex_guidance_low=320 A$ million (FY2027); capex_guidance_high=370 A$ million (FY2027); unit_operating_cost_actual=987 A$/t sold (FY2026),Model ML - Regulatory Filings,https://app.bigdata.com/documents/3249E0C9F7D15A682E4F7C589CF6BEBE?cnum=26
2026-07-29,PLS,Jun-2026 quarter,production;sales_shipments;realised_price;unit_costs;guidance;curtailment_restart,positive,"June-quarter price US$2,107/t; FY26 output record 879.5kt; FY27 guided 1.03-1.1Mt","Production 214.3kt, record sales 249.9kt at US$2,107/t SC5.2 (+13%); revenue A$743M; FOB cost A$616/t on Ngungaju restart costs. FY26 output 879.5kt beat guidance. Ngungaju restarted 1 July. FY27 guidance 1.03-1.10Mt; capex A$620-685M. Cash A$2.29B.",production=214.3 kt spodumene concentrate (Jun-2026 quarter); sales=249.9 kt spodumene concentrate (Jun-2026 quarter); realised_price=2107 US$/t SC5.2 (Jun-2026 quarter); revenue=743 A$M (Jun-2026 quarter); unit_operating_cost_fob=616 A$/t FOB (Jun-2026 quarter); cash_margin_from_operations=579 A$M (Jun-2026 quarter); production=879.5 kt spodumene concentrate (FY2026); realised_price=1488 US$/t (FY2026); production_guidance_low=1.03 Mt (FY2027); production_guidance_high=1.1 Mt (FY2027); capex_guidance_low=620 A$M (FY2027); capex_guidance_high=685 A$M (FY2027); cash_balance=2.29 A$B (Jun-2026 quarter),Quartr Transcripts,https://app.bigdata.com/documents/A46BA927034E8E9C3C6F1B76453DEB34
2026-08-04,CXO,,financing_debt,positive,Second convertible note tranche of ~A$44m received after FIRB approval,Core received about A$44m from the second tranche of the A$70m convertible note facility from InfraVia and Glencore after Foreign Investment Review Board approval. Shares rose 4%.,convertible_note_tranche_2=44 A$ million (approx.),MT Newswires - Asia Pacific,https://app.bigdata.com/documents/04892B2183673040968FDAF20D955A24
2026-08-05,LAR,,financing_debt,positive,Cauchari-Olaroz closes $220M of new unsecured debt facilities,"Minera Exar closed a $50M two-year facility (June 2026) replacing short-term lines and a $170M three-year syndicated facility (August 2026) at under 5% interest. Facilities are unsecured, Ganfeng-guaranteed with a 49% Lithium Argentina counter-guarantee, drawable until Q2 2027.","new debt facilities=220 US$ million; syndicated facility=170 US$ million (3-year, <5% interest) (Aug-2026); short-term replacement facility=50 US$ million (2-year) (Jun-2026); LAR counter-guarantee share=49 % of debt outstanding",Benzinga,https://app.bigdata.com/documents/D05BA194413576B1AD659DE33C02AEA0
2026-08-11,LAR,Jun-2026 quarter,production;realised_price;unit_costs;earnings;financing_debt;expansion_ramp,positive,"Q2 2026: 9,280 t; realised ~$19,563/t, 70% cash margin; Exar net debt cut $114M","Q2 output 9,280 t after a May shutdown; H1 averaged 95% of design; 35,000-40,000 t guidance kept. Revenue $174M at ~$19,563/t; cash opex $5,897/t; adjusted EBITDA $110M; FCF $141M; net income $27M. Exar net debt down $114M. Initial 10,000 tpa modular DLE phase planned.",production=9280 t lithium carbonate (Jun-2026 quarter); capacity utilisation=95 % of design (average) (H1-2026); revenue=174 US$ million (100% basis) (Jun-2026 quarter); average realised price=19563 US$/t lithium carbonate (approx.) (Jun-2026 quarter); cash operating cost=5897 US$/t lithium carbonate sold (Jun-2026 quarter); cash operating margin=70 % (Jun-2026 quarter); adjusted EBITDA=110 US$ million (100% basis) (Jun-2026 quarter); free cash flow from operations=141 US$ million (Jun-2026 quarter); net income=27 US$ million (100% basis) (Jun-2026 quarter); Cauchari-Olaroz net debt reduction=114 US$ million (Jun-2026 quarter); initial modular DLE capacity=10000 tpa LCE (Stage 2 phase 1); cash and equivalents=100 US$ million (30-Jun-2026),PubT,https://app.bigdata.com/documents/E5EB4E83C1F7DA95903064F9936DA02F
2026-08-12,PLS,,m_and_a,neutral,PLS buys Lithium Ionic's Salinas properties next to Colina for US$37.5M,"A PLS subsidiary agreed to buy Lithium Ionic's Salinas properties, incl. the Baixa Grande resource adjacent to Colina, for US$37.5M cash (US$30M at closing, US$7.5M on Colina FID or by end-2029); the seller keeps a 2.0% FOB royalty.",purchase_price=37.5 US$M; paid_at_closing=30.0 US$M; deferred_payment=7.5 US$M; royalty_retained_by_seller=2.0 % of FOB spodumene sales,Benzinga,https://app.bigdata.com/documents/BEAA3369B1A5CF107AC8C4DB49200BA8
2026-08-14,SGML,Jun-2026 quarter,earnings;production;sales_shipments;unit_costs;guidance;expansion_ramp,mixed,"Q2 2026: record US$54.7M revenue, CIF China cost US$452/t; Plant 2 delayed","Q2 production 35,400 t, sales 24,400 t, revenue US$54.7M; costs US$401/t plant gate, US$452/t CIF China, AISC US$668/t. H1 net profit US$8.49M. Guidance 240,000 t (12 months), 330,000 t FY27; Plant 2 now end-2027, Plant 3 end-2028.",concentrate produced=35400 t (Jun-2026 quarter); concentrate sold=24400 t (Jun-2026 quarter); revenue=54.7 US$ million (Jun-2026 quarter); cash operating cost=401 US$/t plant gate (Jun-2026 quarter); cash operating cost=448 US$/t FOB Brazil (Jun-2026 quarter); cash operating cost=452 US$/t CIF China (ex-royalties) (Jun-2026 quarter); AISC=668 US$/t (Jun-2026 quarter); revenue=97.04 US$ million (H1-2026); net profit=8.49 US$ million (H1-2026); production guidance=240000 t (next 12 months); production guidance=330000 t (FY2027); capacity with plants 1-3=830000 t/yr,Quartr Presentation Materials,https://app.bigdata.com/documents/18966148E4A0CBC51E7FAA07837C0BCD
2026-08-21,SGML,,curtailment_restart;governance;guidance,positive,TAC signed with Minas Gerais; mining and plant fully back online,"After signing a TAC with Minas Gerais, Sigma said operations were fully restored; TAC capex ~US$1M plus fines up to US$540,000. Targets 240,000 t within 12 months and 330,000 t in FY27; greenlit SANY fleet upgrade; nameplate stated at 330,000 t/yr.",TAC remediation capex=1.0 US$ million (approx.); environmental fines (up to)=540000 US$; production target=240000 t (next 12 months); production target=330000 t (FY2027); nameplate capacity=330000 t/yr lithium oxide concentrate,PubT,https://app.bigdata.com/documents/B4F17FFD3127F9CEC41098E66FBB7A89
2026-08-23,PLS,FY2026,earnings;guidance;unit_costs,positive,FY26 NPAT A$526M on 152% revenue rise; 5c final dividend reinstated,"FY26 revenue A$1.934B (+152%) at US$1,488/t (+121%); underlying EBITDA A$1.137B (59% margin); NPAT A$526M (EPS A$0.1614); FOB unit cost A$569/t; cash ~A$2.3B. Final dividend 5c fully franked (~A$161M). FY27 FOB cost guidance A$575-625/t.",revenue=1934 A$M (FY2026); realised_price=1488 US$/t (FY2026); underlying_ebitda=1137 A$M (FY2026); net_profit_after_tax=526 A$M (FY2026); eps=0.1614 A$/share (FY2026); unit_operating_cost_fob=569 A$/t FOB (FY2026); cash_balance=2.3 A$B (FY2026); final_dividend=5 A cents/share fully franked (FY2026); unit_cost_guidance_low=575 A$/t FOB (FY2027); unit_cost_guidance_high=625 A$/t FOB (FY2027),MT Newswires - Asia Pacific,https://app.bigdata.com/documents/25C4D58F13647BCE0FB422B724363F78
2026-08-24,LAR,,m_and_a;financing_debt,positive,PPG joint venture definitive agreements signed; Ganfeng to buy $180M convertible note,"Definitive PPG JV agreements signed (Ganfeng 67%, LAR 33%, Ganfeng operates, pro-rata funding and offtake). Ganfeng to buy a $180M six-year 4% unsecured convertible note, convertible at $12.50 (~96% premium); proceeds plus cash repay $259M notes due Jan-2027; $130M facility terminated.","convertible note=180 US$ million (6-year, 4.0% coupon); conversion price=12.5 US$/share; conversion premium=96 % to 5-day VWAP (approx.); convertible notes to be repaid=259 US$ million (due Jan-2027); LAR PPG JV interest=33 %; Ganfeng fully diluted stake after conversion=16.1 % (from 9.6%)",Benzinga,https://app.bigdata.com/documents/36B0A101C4A4712C59076BE2A3DD365E
2026-08-31,LTR,FY2026 (Jun-2026 year),earnings;realised_price;unit_costs,positive,FY26 results: maiden profit A$93m on record A$639m revenue,"Record revenue A$639m on 35% more tonnes and a 75% higher realised price (A$1,379/t); NPAT A$93m including A$113m deferred tax asset recognition, underlying NPAT A$14m; underlying EBITDA A$147m; operating cash flow A$182m; unit cost A$984/t; cash A$561m; expansion FID due in September.",revenue=639 A$ million (FY2026); npat=93 A$ million (FY2026); deferred_tax_asset_recognised=113 A$ million (FY2026); underlying_npat=14 A$ million (FY2026); underlying_ebitda=147 A$ million (FY2026); operating_cash_flow=182 A$ million (FY2026); realised_price=1379 A$/t (FY2026); unit_operating_cost=984 A$/t (FY2026),Quartr Transcripts,https://app.bigdata.com/documents/44E8F322B2C953F82F413C14BAA21520?cnum=14
2026-09-04,CXO,,sales_shipments;realised_price,neutral,"Final ~25,000t lithium fines stockpile sold to Glencore","Core agreed to sell its final ~25,000t batch of lithium fines stockpile to Glencore at a base price of about $285/t CIF, subject to adjustments, for shipment in the current quarter.",sale_volume=25000 t lithium fines (approx.); realised_price=285 $/t CIF base (currency not stated in source),MT Newswires - Asia Pacific,https://app.bigdata.com/documents/1BE0C820F3C2D75AC78862563DE33A93
2026-09-04,SGML,,governance,neutral,Sigma lists CDIs on the ASX under ticker SAU,"Sigma was admitted to the ASX as a foreign exempt issuer; CDIs (1:1 with common shares) began quotation under SAU, while Nasdaq and TSXV listings continue. No capital raising was disclosed.",,Edgar SEC Filings (6-K),https://app.bigdata.com/documents/53CAB6860478CF5F975FFC6970E10E6C
2026-09-06,SGML,,governance;curtailment_restart,negative,Federal judge suspends Grota do Cirilo environmental licences and mining,"Reuters: on 4 September a Brazilian judge suspended environmental licences and mining at Grota do Cirilo in a suit by a Quilombola federation, barred new state permits and set fines for continued operation; an independent georeferenced survey was ordered.",,US News & World Report (Reuters),https://app.bigdata.com/documents/B6114B2BECF41BF8F329B9CF4C64D18F
2026-09-07,CXO,Sep-2026 quarter,production;curtailment_restart;expansion_ramp;guidance,positive,First spodumene concentrate produced from recommissioned Finniss plant,"The recommissioned Finniss plant produced its first spodumene concentrate within six months of FID, after Grants mining resumed in May and crushing in August; upgrades lift capacity ~20% to 1.2Mtpa; first shipment targeted for the December quarter.",processing_capacity=1.2 Mtpa (after ~20% upgrade),MT Newswires - Asia Pacific,https://app.bigdata.com/documents/CB19E7581A9753AFB05410FE49751898
2026-09-07,SGML,,governance;guidance,mixed,Sigma says operations continue despite ruling; shares fall 11.5% premarket,"Sigma said it had not been notified of the ruling, called it issued without due process, said operations continue and reaffirmed 240,000 t within 12 months and 330,000 t in FY27; it disputed that the ruling overrides the TAC. Shares fell 11.5% premarket.",production target=240000 t (next 12 months); production target=330000 t (FY2027),PubT,https://app.bigdata.com/documents/3D8D32DEF2FB955341FF1A63EA68F1A8
2026-09-15,LAR,,financing_debt,positive,Ganfeng's $180M convertible note investment closes; PPG JV completion due end-September,Lithium Argentina closed the $180M six-year 4% convertible note to Ganfeng (conversion $12.50/share); proceeds and cash to fully repay the $259M notes due January 2027. PPG joint venture completion still expected by end of September 2026.,convertible note=180 US$ million; convertible notes to be repaid=259 US$ million (due Jan-2027),Benzinga,https://app.bigdata.com/documents/C5257045162FD1ADD01139295401AD28
2026-09-25,SGML,,governance;curtailment_restart,negative,Feam suspends five Sigma operating licences under federal injunction,Minas Gerais regulator Feam suspended five of Sigma's environmental operating licences on 24 September to comply with the 4 September federal injunction; federal deputies had filed a criminal complaint alleging operations continued in defiance of the order.,operating licences suspended=5 licences,Benzinga,https://app.bigdata.com/documents/4872959B3C3D4470091AA87621DF58B9
2026-09-28,SGML,,governance,mixed,"Sigma says operations normal, disputes validity of Feam suspension","Sigma said mining and plant operations continue normally, mining concessions are unaffected, and Feam's act has no legal validity while its federal appeal is pending; it called reports of suspended licences incorrect. States nameplate 330,000 t, Phase 2 to 580,000 t.",nameplate capacity=330000 t/yr; capacity after phase 2=580000 t/yr; capacity after phase 3=830000 t/yr,PubT,https://app.bigdata.com/documents/03C5735A414D086C9EDACAED6040A50F
